企业代号,quater,进项合计,订单个数,进项负发票个数,供货商个数,销项合计,销项订单个数,销项负发票个数,客户个数,净营业收入,企业名称,信誉评级,是否违约
E1,2017Q3,575624660.3600001,158,14,51,466430747.36,626,27,122,-109193913.00000012,***电器销售有限公司,1,0
E1,2017Q4,695360765.9300001,233,15,80,489973949.5,784,19,154,-205386816.43000007,***电器销售有限公司,1,0
E1,2018Q1,612612355.8399999,215,9,63,487464492.87,707,25,127,-125147862.96999991,***电器销售有限公司,1,0
E1,2018Q2,972933935.3799999,360,1,79,556264400.85,841,22,149,-416669534.52999985,***电器销售有限公司,1,0
E1,2018Q3,568049661.2600001,386,5,109,509058723.0,751,5,139,-58990938.26000011,***电器销售有限公司,1,0
E1,2018Q4,943113445.0499998,326,7,78,455660142.52,761,26,144,-487453302.52999985,***电器销售有限公司,1,0
E1,2019Q1,607614864.77,256,4,66,540426689.47,817,22,133,-67188175.29999995,***电器销售有限公司,1,0
E1,2019Q2,536788655.20000005,276,1,60,421889975.39000005,715,17,143,-114898679.81,***电器销售有限公司,1,0
E1,2019Q3,457127261.81,438,5,77,341872705.36,831,35,172,-115254556.44999999,***电器销售有限公司,1,0
E1,2019Q4,574482325.6799996,506,10,77,346840052.6299998,864,23,198,-227642273.04999977,***电器销售有限公司,1,0
E1,2020Q1,94234097.01,95,0,25,82751561.65,189,7,95,-11482535.36,***电器销售有限公司,1,0
E10,2017Q1,64848.0,9,0,5,93941268.46000001,109,1,9,93876420.46000001,***建筑劳务有限公司,2,0
E10,2017Q2,86178.4,17,0,12,9464052.96,17,0,5,9377874.56,***建筑劳务有限公司,2,0
E10,2017Q3,284088.28,221,0,130,17582933.35,36,0,10,17298845.07,***建筑劳务有限公司,2,0
E10,2017Q4,352750.82999999996,238,0,131,14151950.93,25,0,6,13799200.1,***建筑劳务有限公司,2,0
E10,2018Q1,366662.9800000001,285,5,142,43599979.080000006,68,0,10,43233316.10000001,***建筑劳务有限公司,2,0
E10,2018Q2,605000.4300000002,456,5,146,5499619.199999999,10,0,6,4894618.77,***建筑劳务有限公司,2,0
E10,2018Q3,664689.6599999999,365,2,130,22692492.05,43,1,10,22027802.39,***建筑劳务有限公司,2,0
E10,2018Q4,544871.5899999999,458,8,142,19534831.179999996,27,0,7,18989959.589999996,***建筑劳务有限公司,2,0
E10,2019Q1,691640.6700000003,335,5,139,64341110.160000004,94,0,11,63649469.49,***建筑劳务有限公司,2,0
E10,2019Q2,668917.7499999999,516,5,181,9773414.35,13,0,4,9104496.6,***建筑劳务有限公司,2,0
E10,2019Q3,736918.5599999997,580,2,195,19836100.630000003,31,0,8,19099182.070000004,***建筑劳务有限公司,2,0
E10,2019Q4,351394.49000000005,380,2,183,12099348.309999999,16,0,6,11747953.819999998,***建筑劳务有限公司,2,0
E100,2017Q2,330.0,1,0,1,22277.0,11,4,2,21947.0,***装饰工程有限公司,4,1
E100,2017Q3,130.0,1,0,1,246125.31999999998,27,6,4,245995.31999999998,***装饰工程有限公司,4,1
E100,2017Q4,1019.0,6,0,4,15920.43,3,0,2,14901.43,***装饰工程有限公司,4,1
E100,2018Q1,3206.0,9,0,9,25441.0,2,0,1,22235.0,***装饰工程有限公司,4,1
E100,2018Q2,1110.02,5,0,3,79118.56999999999,8,0,4,78008.54999999999,***装饰工程有限公司,4,1
E100,2018Q4,1465.0,5,0,2,24480.380000000005,10,2,4,23015.380000000005,***装饰工程有限公司,4,1
E100,2019Q1,1793.0,6,0,2,50811.51,13,2,5,49018.51,***装饰工程有限公司,4,1
E100,2019Q2,5818.0,9,0,6,59381.0,7,0,2,53563.0,***装饰工程有限公司,4,1
E100,2019Q3,6310.0,6,0,2,88205.0,7,1,2,81895.0,***装饰工程有限公司,4,1
E100,2019Q4,1282.0,6,0,1,22180.0,3,0,3,20898.0,***装饰工程有限公司,4,1
E100,2020Q1,435.0,2,0,2,18790.0,2,0,1,18355.0,***装饰工程有限公司,4,1
E101,2018Q2,9576.0,3,0,2,181249.99999999997,17,0,1,171673.99999999997,***灯饰工程有限公司,4,1
E101,2018Q4,735.0,3,0,1,111128.0,5,0,1,110393.0,***灯饰工程有限公司,4,1
E101,2019Q2,738.0,3,0,1,100000.0,10,0,1,99262.0,***灯饰工程有限公司,4,1
E102,2017Q1,243593.38999999998,28,0,14,3209.399999999998,6,3,2,-240383.99,***大药房有限责任公司,4,1
E102,2017Q2,310402.0,43,0,18,57644.799999999996,11,0,7,-252757.2,***大药房有限责任公司,4,1
E102,2017Q3,287202.68,49,0,19,38250.3,5,0,3,-248952.38,***大药房有限责任公司,4,1
E102,2018Q1,297607.89999999997,42,1,18,30545.1,3,0,1,-267062.8,***大药房有限责任公司,4,1
E102,2018Q2,378782.51,82,0,29,24305.3,11,0,10,-354477.21,***大药房有限责任公司,4,1
E102,2018Q3,277647.36000000004,53,1,22,31801.1,8,0,6,-245846.26000000004,***大药房有限责任公司,4,1
E102,2018Q4,295084.5,63,1,32,75349.3,40,0,36,-219735.2,***大药房有限责任公司,4,1
E102,2019Q1,316195.63000000006,62,0,23,46008.6,27,0,22,-270187.0300000001,***大药房有限责任公司,4,1
E102,2019Q2,216653.26000000007,59,0,25,33354.7,12,0,10,-183298.56000000006,***大药房有限责任公司,4,1
E102,2019Q3,300745.58,79,1,28,55532.4,18,0,15,-245213.18000000002,***大药房有限责任公司,4,1
E102,2019Q4,305653.48999999993,69,1,28,39879.0,4,0,1,-265774.48999999993,***大药房有限责任公司,4,1
E102,2020Q1,125820.85999999997,24,0,14,3005.1,6,0,6,-122815.75999999997,***大药房有限责任公司,4,1
E103,2018Q1,22319.0,20,0,13,466300.0,6,0,2,443981.0,***科技有限公司,4,1
E103,2018Q2,7003.0,10,0,7,21200.0,1,0,1,14197.0,***科技有限公司,4,1
E103,2018Q3,38713.0,7,0,6,60158.67,1,0,1,21445.67,***科技有限公司,4,1
E103,2018Q4,58369.450000000004,11,0,6,91030.0,6,0,2,32660.549999999996,***科技有限公司,4,1
E103,2019Q1,48689.0,7,0,6,15895.15,6,2,3,-32793.85,***科技有限公司,4,1
E103,2019Q2,39674.51,39,0,9,47743.990000000005,2,0,2,8069.480000000003,***科技有限公司,4,1
E103,2019Q3,114227.90999999999,27,0,17,32724.71,5,0,4,-81503.19999999998,***科技有限公司,4,1
E103,2019Q4,314898.7,27,0,16,1087399.25,27,0,10,772500.55,***科技有限公司,4,1
E104,2019Q2,280.0,1,0,1,70200.0,3,0,2,69920.0,***管理咨询有限责任公司,3,0
E105,2017Q4,3960.0,2,0,2,231082.93000000002,31,1,20,227122.93000000002,***建材经营部,3,0
E105,2018Q1,3360.0,1,0,1,142704.0,16,0,16,139344.0,***建材经营部,3,0
E105,2018Q2,280.0,1,0,1,109481.4,11,0,11,109201.4,***建材经营部,3,0
E105,2019Q1,600.0,1,0,1,93261.94,13,0,13,92661.94,***建材经营部,3,0
E105,2019Q2,280.0,1,0,1,19772.0,8,2,8,19492.0,***建材经营部,3,0
E106,2017Q3,216.0,1,0,1,41880.0,13,0,12,41664.0,***财务管理有限公司,2,0
E106,2017Q4,4500.0,1,0,1,66300.0,11,0,6,61800.0,***财务管理有限公司,2,0
E106,2018Q1,457.0,3,0,3,26260.0,7,0,6,25803.0,***财务管理有限公司,2,0
E106,2018Q2,11683.7,6,0,5,38170.0,12,0,10,26486.3,***财务管理有限公司,2,0
E106,2018Q3,28565.8,7,0,6,92930.0,24,0,21,64364.2,***财务管理有限公司,2,0
E106,2018Q4,4235.0,8,0,7,17300.0,4,0,4,13065.0,***财务管理有限公司,2,0
E106,2019Q1,1072.0,2,0,2,66600.0,15,2,9,65528.0,***财务管理有限公司,2,0
E106,2019Q2,557.0,4,0,1,36025.0,12,0,12,35468.0,***财务管理有限公司,2,0
E106,2019Q3,794.6,1,0,1,43900.0,7,0,6,43105.4,***财务管理有限公司,2,0
E106,2019Q4,380.0,2,0,2,124812.86,24,2,24,124432.86,***财务管理有限公司,2,0
E107,2018Q1,180.0,1,0,1,21750.0,3,0,1,21570.0,***科技有限公司,4,1
E107,2018Q2,71232.0,1,0,1,21750.0,3,0,1,-49482.0,***科技有限公司,4,1
E107,2018Q4,280.0,1,0,1,21750.0,3,0,1,21470.0,***科技有限公司,4,1
E107,2019Q1,20299.0,2,0,2,21750.0,3,0,1,1451.0,***科技有限公司,4,1
E107,2019Q4,280.0,1,0,1,600000.0,6,0,1,599720.0,***科技有限公司,4,1
E108,2018Q3,8716.55,34,0,18,43900.0,7,0,4,35183.45,***商贸有限公司,4,1
E108,2018Q4,11200.18,31,0,18,88462.26000000001,10,0,2,77262.08000000002,***商贸有限公司,4,1
E108,2019Q2,10939.34,34,1,15,39053.0,12,1,11,28113.66,***商贸有限公司,4,1
E108,2019Q4,8761.919999999998,29,0,15,25800.0,4,0,4,17038.08,***商贸有限公司,4,1
E109,2018Q2,280.0,1,0,1,15400.0,2,0,1,15120.0,***服饰有限公司,4,1
E109,2019Q1,160.0,1,0,1,72040.0,3,0,3,71880.0,***服饰有限公司,4,1
E109,2019Q2,248.0,1,0,1,1250.0,1,0,1,1002.0,***服饰有限公司,4,1
E109,2019Q4,1405.0,4,0,3,239552.0,9,0,7,238147.0,***服饰有限公司,4,1
E109,2020Q1,1278.0,3,0,3,80600.0,1,0,1,79322.0,***服饰有限公司,4,1
E11,2018Q1,4207604.36,137,0,52,3771956.94,40,0,1,-435647.4200000004,***建设工程有限公司,3,0
E11,2018Q2,6387039.43,129,1,50,10386380.06,106,0,1,3999340.630000001,***建设工程有限公司,3,0
E11,2018Q3,7341615.180000002,220,1,82,13106057.34,134,1,1,5764442.159999998,***建设工程有限公司,3,0
E11,2018Q4,12136975.07,282,2,108,17786878.050000004,182,0,3,5649902.980000004,***建设工程有限公司,3,0
E11,2019Q1,18609912.810000006,354,1,103,27568278.6,280,0,4,8958365.789999995,***建设工程有限公司,3,0
E11,2019Q2,28530756.669999994,356,1,83,38203729.7,251,0,3,9672973.030000009,***建设工程有限公司,3,0
E11,2019Q3,33807172.13999999,494,2,104,28441481.74,34,0,3,-5365690.399999995,***建设工程有限公司,3,0
E11,2019Q4,28466876.550000004,565,13,132,20132282.7,21,0,3,-8334593.850000005,***建设工程有限公司,3,0
E11,2020Q1,4686063.1,149,2,70,3150000.0,3,0,2,-1536063.0999999996,***建设工程有限公司,3,0
E110,2017Q4,480.0,1,0,1,28726.1,5,0,3,28246.1,***通讯器材经营部,3,0
E110,2018Q4,280.0,1,0,1,60441.0,15,0,10,60161.0,***通讯器材经营部,3,0
E110,2019Q4,280.0,1,0,1,8458.0,5,0,4,8178.0,***通讯器材经营部,3,0
E111,2017Q3,3713.2200000000003,5,0,4,60103.599999999984,18,3,6,56390.37999999998,***科技有限公司,4,1
E111,2017Q4,12003.83,6,0,4,51679.79999999999,18,5,5,39675.96999999999,***科技有限公司,4,1
E111,2018Q1,15877.130000000001,11,0,8,50221.4,20,2,4,34344.270000000004,***科技有限公司,4,1
E111,2018Q2,91083.62,29,0,23,294408.0,14,0,4,203324.38,***科技有限公司,4,1
E111,2018Q3,217793.61999999994,31,0,19,132296.4,15,0,4,-85497.21999999994,***科技有限公司,4,1
E111,2018Q4,-103391.48999999999,28,4,19,101865.3,10,0,4,205256.78999999998,***科技有限公司,4,1
E111,2019Q1,38111.5,31,0,23,-142712.49999999997,46,15,5,-180823.99999999997,***科技有限公司,4,1
E111,2019Q2,47370.420000000006,41,0,25,110884.79999999999,19,1,4,63514.37999999998,***科技有限公司,4,1
E111,2019Q3,73949.43000000001,28,0,19,16003.400000000009,17,2,7,-57946.03,***科技有限公司,4,1
E111,2019Q4,115682.59000000001,40,0,23,126952.0,23,0,4,11269.409999999989,***科技有限公司,4,1
E111,2020Q1,17080.14,14,0,10,77439.6,4,0,3,60359.46000000001,***科技有限公司,4,1
E112,2017Q2,127786.17,13,0,10,38251.34,1,0,1,-89534.83,***机械设备有限公司,4,1
E112,2017Q3,101659.88,15,1,9,196929.85,2,0,1,95269.97,***机械设备有限公司,4,1
E112,2017Q4,255966.52,23,0,11,432600.94999999995,7,1,1,176634.42999999996,***机械设备有限公司,4,1
E112,2018Q1,89534.8,9,0,4,77151.67,1,0,1,-12383.130000000005,***机械设备有限公司,4,1
E112,2018Q2,81980.0,12,1,7,275195.4,3,0,1,193215.40000000002,***机械设备有限公司,4,1
E112,2018Q4,35577.0,4,0,3,74673.79,2,0,2,39096.78999999999,***机械设备有限公司,4,1
E113,2018Q1,165698.12000000002,20,0,12,168000.0,15,0,1,2301.8799999999756,***美居科技有限公司,4,1
E113,2018Q3,55399.369999999995,9,0,7,100000.0,12,0,1,44600.630000000005,***美居科技有限公司,4,1
E113,2019Q1,20000.0,1,0,1,28000.0,3,0,1,8000.0,***美居科技有限公司,4,1
E113,2019Q3,25320.0,1,0,1,33500.0,1,0,1,8180.0,***美居科技有限公司,4,1
E114,2017Q3,50728.0,2,0,2,18549.0,11,0,6,-32179.0,***食品有限责任公司,4,1
E114,2017Q4,10468.0,5,0,5,26273.8,11,1,6,15805.8,***食品有限责任公司,4,1
E114,2018Q1,153073.0,5,0,3,23902.0,10,0,4,-129171.0,***食品有限责任公司,4,1
E114,2018Q2,16976.0,2,0,2,5864.0,2,0,2,-11112.0,***食品有限责任公司,4,1
E114,2018Q3,18492.0,11,0,5,4000.0,1,0,1,-14492.0,***食品有限责任公司,4,1
E114,2018Q4,19727.0,7,0,4,15352.99,3,0,2,-4374.01,***食品有限责任公司,4,1
E114,2019Q1,4702.0,5,0,2,10520.0,2,0,2,5818.0,***食品有限责任公司,4,1
E114,2019Q2,84300.0,12,0,3,10458.0,2,0,2,-73842.0,***食品有限责任公司,4,1
E114,2019Q3,64900.0,7,0,3,6394.0,1,0,1,-58506.0,***食品有限责任公司,4,1
E114,2019Q4,220635.0,11,0,6,8951.85,3,0,3,-211683.15,***食品有限责任公司,4,1
E114,2020Q1,316.0,2,0,2,24792.0,4,0,3,24476.0,***食品有限责任公司,4,1
E116,2017Q3,204.0,1,0,1,23447.120000000003,8,0,6,23243.120000000003,***门窗有限公司,4,1
E116,2017Q4,280.0,1,0,1,32856.0,7,0,4,32576.0,***门窗有限公司,4,1
E116,2018Q1,469.0,1,0,1,8640.0,1,0,1,8171.0,***门窗有限公司,4,1
E116,2018Q4,1177.0,4,0,4,24600.0,4,0,1,23423.0,***门窗有限公司,4,1
E117,2018Q1,3800.0,1,0,1,219232.0,4,0,1,215432.0,***人力资源管理咨询有限公司,4,1
E117,2018Q2,1200.0,1,0,1,75504.0,3,0,1,74304.0,***人力资源管理咨询有限公司,4,1
E117,2018Q4,1790.0,1,0,1,30000.0,1,0,1,28210.0,***人力资源管理咨询有限公司,4,1
E118,2017Q3,1200.0,1,0,1,9080.0,4,0,4,7880.0,***体育用品有限公司,4,1
E118,2018Q3,280.0,1,0,1,16264.0,12,0,10,15984.0,***体育用品有限公司,4,1
E118,2019Q1,14419.0,4,0,3,14717.0,3,0,2,298.0,***体育用品有限公司,4,1
E118,2019Q2,38520.0,7,0,3,3988.8199999999997,10,0,9,-34531.18,***体育用品有限公司,4,1
E118,2019Q3,4866.79,6,0,2,2892.0,3,0,3,-1974.79,***体育用品有限公司,4,1
E118,2019Q4,5027.0,5,0,1,962.0,3,0,2,-4065.0,***体育用品有限公司,4,1
E119,2017Q3,12912.4,13,0,5,7200.0,5,0,4,-5712.4,***药房,4,1
E119,2018Q2,27578.739999999998,28,0,6,540.0,1,0,1,-27038.739999999998,***药房,4,1
E119,2018Q3,12835.48,28,0,6,4680.0,2,0,2,-8155.48,***药房,4,1
E119,2018Q4,31881.36000000001,51,0,6,2460.0,1,0,1,-29421.36000000001,***药房,4,1
E119,2019Q2,26240.25,21,0,8,2462.0,1,0,1,-23778.25,***药房,4,1
E119,2019Q3,49554.71000000001,36,1,8,19400.0,8,0,8,-30154.710000000006,***药房,4,1
E12,2018Q1,12543146.329999998,130,1,67,65064070.0,67,1,2,52520923.67,***建筑劳务有限公司,2,0
E12,2018Q2,8329904.42,173,3,77,19328929.6,23,0,2,10999025.180000002,***建筑劳务有限公司,2,0
E12,2018Q3,11980763.72,104,2,43,21695910.58,24,0,2,9715146.859999998,***建筑劳务有限公司,2,0
E12,2018Q4,24134703.8,136,0,55,29000000.0,30,0,1,4865296.199999999,***建筑劳务有限公司,2,0
E12,2019Q1,11081367.690000001,179,0,77,48520709.07,52,0,2,37439341.379999995,***建筑劳务有限公司,2,0
E12,2019Q3,10402041.12,295,4,109,22067001.259999998,25,0,4,11664960.139999999,***建筑劳务有限公司,2,0
E12,2019Q4,2100086.2199999997,259,2,100,5494800.0,8,0,2,3394713.7800000003,***建筑劳务有限公司,2,0
E12,2020Q1,4275315.76,72,0,44,31831600.0,34,0,4,27556284.240000002,***建筑劳务有限公司,2,0
E120,2018Q2,12130.0,8,0,6,38000.0,1,0,1,25870.0,***陈列广告有限公司,4,1
E120,2019Q1,2625.9,6,0,5,2400.0,1,0,1,-225.9000000000001,***陈列广告有限公司,4,1
E120,2019Q2,628.0,3,0,3,12250.0,1,0,1,11622.0,***陈列广告有限公司,4,1
E120,2019Q4,976.94,5,0,4,64004.0,4,0,3,63027.06,***陈列广告有限公司,4,1
E121,2017Q1,214012.38,4,0,2,9529.060000000001,14,0,13,-204483.32,***药业连锁有限公司***药店,4,1
E121,2017Q2,214541.96,6,0,4,9449.79,12,0,12,-205092.16999999998,***药业连锁有限公司***药店,4,1
E121,2017Q3,186292.57,7,0,4,21277.6,26,0,20,-165014.97,***药业连锁有限公司***药店,4,1
E121,2017Q4,199175.4,6,0,4,23083.03,31,0,23,-176092.37,***药业连锁有限公司***药店,4,1
E121,2018Q1,171272.59,5,0,2,10144.0,14,0,14,-161128.59,***药业连锁有限公司***药店,4,1
E121,2018Q2,166468.11,10,0,6,8550.0,14,0,11,-157918.11,***药业连锁有限公司***药店,4,1
E121,2018Q3,45899.58,4,0,3,18139.26,32,0,24,-27760.320000000003,***药业连锁有限公司***药店,4,1
E121,2018Q4,54457.29,5,0,3,14114.81,20,0,16,-40342.48,***药业连锁有限公司***药店,4,1
E122,2017Q2,396.0,1,0,1,24964.1,17,0,12,24568.1,***商贸有限责任公司,4,1
E122,2017Q3,7146.0,9,0,6,3690.88,16,1,13,-3455.12,***商贸有限责任公司,4,1
E122,2017Q4,10385.0,3,0,1,5637.0,20,7,15,-4748.0,***商贸有限责任公司,4,1
E122,2018Q1,12446.0,12,0,9,6260.43,9,0,9,-6185.57,***商贸有限责任公司,4,1
E122,2018Q2,2967.0,7,0,6,243.0,1,0,1,-2724.0,***商贸有限责任公司,4,1
E122,2018Q3,452.0,4,0,3,4296.0,1,0,1,3844.0,***商贸有限责任公司,4,1
E122,2019Q1,19444.26,9,1,5,2863.42,10,0,10,-16580.839999999997,***商贸有限责任公司,4,1
E122,2019Q2,230.0,1,0,1,2144.42,8,0,6,1914.42,***商贸有限责任公司,4,1
E122,2020Q1,280.0,1,0,1,952.5699999999999,2,0,2,672.5699999999999,***商贸有限责任公司,4,1
E123,2017Q4,280.0,1,0,1,1430.0,1,0,1,1150.0,***创科技有限责任公司,4,1
E123,2019Q4,280.0,1,0,1,28912.5,5,0,2,28632.5,***创科技有限责任公司,4,1
E13,2017Q1,7896233.72,209,2,74,14572089.950000001,600,3,484,6675856.230000001,***汽车贸易有限公司,1,0
E13,2017Q2,8940536.74,260,1,86,24658868.21,616,4,484,15718331.47,***汽车贸易有限公司,1,0
E13,2017Q3,11712817.779999997,616,0,188,19572070.970000003,624,10,470,7859253.190000005,***汽车贸易有限公司,1,0
E13,2017Q4,10634544.319999997,623,2,132,13601912.669999996,613,6,449,2967368.3499999996,***汽车贸易有限公司,1,0
E13,2018Q1,7163787.990000001,922,0,150,15362487.280000001,573,0,450,8198699.29,***汽车贸易有限公司,1,0
E13,2018Q2,7540593.209999998,1248,8,166,9010897.72,524,7,384,1470304.5100000026,***汽车贸易有限公司,1,0
E13,2018Q3,7389315.059999998,1522,7,172,12198712.88,586,6,390,4809397.820000003,***汽车贸易有限公司,1,0
E13,2018Q4,9790314.729999997,1232,3,157,51358066.07,625,11,387,41567751.34,***汽车贸易有限公司,1,0
E13,2019Q1,8079627.069999999,1562,2,202,13800690.91,483,5,336,5721063.840000001,***汽车贸易有限公司,1,0
E13,2019Q2,10038143.490000006,1642,3,197,11974978.53,499,9,326,1936835.0399999935,***汽车贸易有限公司,1,0
E13,2019Q3,5137582.76,1366,4,173,11345309.049999999,459,4,291,6207726.289999999,***汽车贸易有限公司,1,0
E13,2019Q4,7107176.560000002,1438,3,153,44506145.8,509,8,274,37398969.239999995,***汽车贸易有限公司,1,0
E13,2020Q1,2197829.54,615,4,84,2015793.2799999998,97,0,76,-182036.26000000024,***汽车贸易有限公司,1,0
E14,2017Q1,4497831.94,249,5,107,15312426.0,182,1,133,10814594.059999999,个体经营E14,3,0
E14,2017Q2,4964535.160000001,261,7,96,13407949.0,210,0,153,8443413.84,个体经营E14,3,0
E14,2017Q3,6796909.859999999,398,9,162,20601463.0,246,4,168,13804553.14,个体经营E14,3,0
E14,2017Q4,24842233.46000001,561,5,191,29233867.5,302,3,198,4391634.039999992,个体经营E14,3,0
E14,2018Q1,7712395.729999999,525,17,191,17586774.47,204,1,152,9874378.74,个体经营E14,3,0
E14,2018Q2,8103316.430000004,695,18,229,18352056.47,276,12,179,10248740.039999995,个体经营E14,3,0
E14,2018Q3,6514295.27,549,12,185,17984133.02,266,2,178,11469837.75,个体经营E14,3,0
E14,2018Q4,26941485.089999992,715,4,221,30052185.84,345,5,225,3110700.7500000075,个体经营E14,3,0
E14,2019Q1,9669022.309999995,597,9,211,16963618.0,252,4,170,7294595.690000005,个体经营E14,3,0
E14,2019Q2,6503891.710000002,724,17,215,19401492.410000004,243,4,158,12897600.700000003,个体经营E14,3,0
E14,2019Q3,13727049.859999988,712,12,198,20849450.25,297,0,178,7122400.390000012,个体经营E14,3,0
E14,2019Q4,4830703.42,541,15,186,22015181.409999996,274,6,180,17184477.989999995,个体经营E14,3,0
E15,2017Q2,330.0,1,0,1,5358675.66,57,0,1,5358345.66,***劳务有限公司,1,0
E15,2017Q3,2500.0,1,0,1,15440770.499999998,161,0,2,15438270.499999998,***劳务有限公司,1,0
E15,2017Q4,2400.0,1,0,1,20858726.26,215,0,1,20856326.26,***劳务有限公司,1,0
E15,2018Q1,460.0,2,0,2,12929850.9,132,0,1,12929390.9,***劳务有限公司,1,0
E15,2018Q2,2366.0,2,0,2,21657590.18,222,0,2,21655224.18,***劳务有限公司,1,0
E15,2018Q3,45691.0,3,0,2,17475825.15,181,0,2,17430134.15,***劳务有限公司,1,0
E15,2018Q4,830349.0,12,0,7,31173373.909999996,319,0,2,30343024.909999996,***劳务有限公司,1,0
E15,2019Q1,1035691.0,11,0,5,15656180.44,159,0,2,14620489.44,***劳务有限公司,1,0
E15,2019Q2,1436216.4400000002,31,0,18,19015710.759999998,197,0,2,17579494.319999997,***劳务有限公司,1,0
E15,2019Q3,1445790.0,21,0,9,21312022.62,222,0,2,19866232.62,***劳务有限公司,1,0
E15,2019Q4,2151.0,7,0,3,6240680.63,64,0,2,6238529.63,***劳务有限公司,1,0
E16,2017Q2,7890.0,4,0,4,7499918.5,14,0,7,7492028.5,***建筑劳务有限公司,1,0
E16,2017Q3,2373.0,3,0,2,14415965.030000001,25,0,5,14413592.030000001,***建筑劳务有限公司,1,0
E16,2017Q4,14234.0,1,0,1,22782453.15,33,0,11,22768219.15,***建筑劳务有限公司,1,0
E16,2018Q1,320.0,1,0,1,11643802.43,19,0,7,11643482.43,***建筑劳务有限公司,1,0
E16,2018Q2,34359.14,22,0,12,20657769.02,29,0,7,20623409.88,***建筑劳务有限公司,1,0
E16,2018Q3,29269.35,36,0,14,7556491.87,23,0,9,7527222.5200000005,***建筑劳务有限公司,1,0
E16,2018Q4,25425.34,33,0,12,50135817.62,81,0,21,50110392.279999994,***建筑劳务有限公司,1,0
E16,2019Q1,25811.57,27,0,13,11657863.45,25,0,16,11632051.879999999,***建筑劳务有限公司,1,0
E16,2019Q2,85323.44,70,0,34,14995432.16,26,0,9,14910108.72,***建筑劳务有限公司,1,0
E16,2019Q3,42955.670000000006,56,1,25,9964378.040000001,26,0,12,9921422.370000001,***建筑劳务有限公司,1,0
E16,2019Q4,24786.91,36,0,19,16167428.74,43,0,18,16142641.83,***建筑劳务有限公司,1,0
E17,2016Q4,593472.53,30,1,16,3732298.4899999998,57,1,41,3138825.96,***消防工程有限公司,1,0
E17,2017Q1,1157737.57,39,0,18,4568782.33,24,0,16,3411044.76,***消防工程有限公司,1,0
E17,2017Q2,3469342.5,119,0,31,5779517.640000001,25,0,16,2310175.1400000006,***消防工程有限公司,1,0
E17,2017Q3,7732487.03,452,10,112,11394760.850000001,36,1,22,3662273.820000001,***消防工程有限公司,1,0
E17,2017Q4,9626364.639999999,469,1,143,9967749.780000001,50,4,30,341385.14000000246,***消防工程有限公司,1,0
E17,2018Q1,14813793.280000003,580,1,147,16207789.16,47,4,23,1393995.879999997,***消防工程有限公司,1,0
E17,2018Q2,18458969.129999995,758,9,222,9221530.35,24,0,17,-9237438.779999996,***消防工程有限公司,1,0
E17,2018Q3,16249141.029999997,852,26,187,18592139.63,46,1,22,2342998.6000000015,***消防工程有限公司,1,0
E17,2018Q4,13726779.659999995,640,3,166,16470354.33,48,0,32,2743574.6700000055,***消防工程有限公司,1,0
E17,2019Q1,16873919.38999999,945,9,189,20645998.330000002,57,1,38,3772078.9400000125,***消防工程有限公司,1,0
E17,2019Q2,14592081.469999993,899,16,192,16922456.52,54,1,23,2330375.0500000063,***消防工程有限公司,1,0
E17,2019Q3,19034991.66000002,1051,14,231,29094393.609999996,78,0,39,10059401.949999977,***消防工程有限公司,1,0
E17,2019Q4,6452939.300000001,309,1,90,5490286.409999999,15,0,10,-962652.8900000015,***消防工程有限公司,1,0
E18,2016Q4,2402891.51,67,0,8,3088394.96,7,0,4,685503.4500000002,***消防工程有限责任公司,1,0
E18,2017Q1,2583690.8,62,0,15,10846283.639999999,29,1,17,8262592.839999999,***消防工程有限责任公司,1,0
E18,2017Q2,2272291.03,82,0,15,10576774.05,27,1,14,8304483.020000001,***消防工程有限责任公司,1,0
E18,2017Q3,5011722.13,163,0,65,20525588.93,39,0,14,15513866.8,***消防工程有限责任公司,1,0
E18,2017Q4,22148239.529999997,401,1,91,17446265.6,34,0,13,-4701973.929999996,***消防工程有限责任公司,1,0
E18,2018Q1,10740097.660000004,423,1,139,17753475.490000002,31,0,11,7013377.829999998,***消防工程有限责任公司,1,0
E18,2018Q2,9182759.79999999,457,0,102,12575582.809999999,22,0,7,3392823.010000009,***消防工程有限责任公司,1,0
E18,2018Q3,14426816.14,846,0,99,14178711.620000003,26,0,9,-248104.5199999977,***消防工程有限责任公司,1,0
E18,2018Q4,9381232.690000001,370,0,93,12260239.399999999,23,0,7,2879006.709999997,***消防工程有限责任公司,1,0
E18,2019Q1,18242379.680000003,431,7,133,32322950.04,43,0,10,14080570.359999996,***消防工程有限责任公司,1,0
E18,2019Q2,11198229.450000001,569,6,124,20184718.919999998,26,0,3,8986489.469999997,***消防工程有限责任公司,1,0
E18,2019Q3,13229343.610000005,587,1,128,14029738.799999999,18,0,5,800395.1899999939,***消防工程有限责任公司,1,0
E18,2019Q4,16933143.179999996,997,15,148,11867666.51,20,0,9,-5065476.669999996,***消防工程有限责任公司,1,0
E19,2016Q4,9780559.209999999,70,0,18,11597168.39,174,4,70,1816609.1800000016,***科技有限公司,1,0
E19,2017Q1,11337770.120000001,44,0,10,10485097.709999999,138,0,56,-852672.410000002,***科技有限公司,1,0
E19,2017Q2,8055115.18,60,0,16,9088556.119999997,146,3,76,1033440.9399999976,***科技有限公司,1,0
E19,2017Q3,14828770.54,86,0,27,13017090.370000001,174,2,75,-1811680.169999998,***科技有限公司,1,0
E19,2017Q4,22227354.03999999,106,0,37,19707537.62,237,3,87,-2519816.4199999906,***科技有限公司,1,0
E19,2018Q1,15294289.07,117,0,29,19552565.41000001,239,0,90,4258276.340000011,***科技有限公司,1,0
E19,2018Q2,27495634.63,164,0,37,23629527.719999984,298,2,121,-3866106.910000015,***科技有限公司,1,0
E19,2018Q3,20061502.990000002,104,0,28,21895493.479999997,313,24,100,1833990.4899999946,***科技有限公司,1,0
E19,2018Q4,29472194.360000007,249,0,37,24260229.939999994,319,7,108,-5211964.420000013,***科技有限公司,1,0
E19,2019Q1,18647302.069999993,194,3,38,18571122.659999996,285,14,96,-76179.40999999642,***科技有限公司,1,0
E19,2019Q2,13965083.849999998,113,0,25,14937629.160000004,206,2,71,972545.3100000061,***科技有限公司,1,0
E19,2019Q3,15790840.820000002,132,0,43,20508526.340000033,259,4,68,4717685.520000031,***科技有限公司,1,0
E19,2019Q4,5184140.419999999,45,0,14,1864624.22,33,0,21,-3319516.1999999993,***科技有限公司,1,0
E2,2017Q1,7831156.050000003,133,0,51,27088095.37,462,13,165,19256939.32,***技术有限责任公司,1,0
E2,2017Q2,5300334.95,178,0,86,36946704.26,622,11,213,31646369.31,***技术有限责任公司,1,0
E2,2017Q3,7990583.920000001,1024,2,435,32487426.63,608,15,224,24496842.709999997,***技术有限责任公司,1,0
E2,2017Q4,18111260.77,1730,2,659,40650483.19999999,794,67,238,22539222.42999999,***技术有限责任公司,1,0
E2,2018Q1,14894452.349999994,2430,16,814,39751535.160000004,716,20,231,24857082.81000001,***技术有限责任公司,1,0
E2,2018Q2,10166344.050000008,3680,12,819,26726132.15,652,15,224,16559788.09999999,***技术有限责任公司,1,0
E2,2018Q3,10422000.579999994,3494,5,814,27487583.75,651,11,244,17065583.170000006,***技术有限责任公司,1,0
E2,2018Q4,17181601.650000006,3579,3,826,65209145.019999996,1106,25,296,48027543.36999999,***技术有限责任公司,1,0
E2,2019Q1,14286056.219999995,2996,17,727,56997191.02,937,23,239,42711134.80000001,***技术有限责任公司,1,0
E2,2019Q2,9430902.060000012,3366,18,776,44426325.489999995,1141,36,283,34995423.429999985,***技术有限责任公司,1,0
E2,2019Q3,11836318.770000001,3161,20,804,75056311.85999998,1471,38,294,63219993.08999998,***技术有限责任公司,1,0
E2,2019Q4,25703812.419999983,4230,39,882,100536999.86999999,1771,61,357,74833187.45,***技术有限责任公司,1,0
E2,2020Q1,9333132.83000001,1434,22,358,52931700.16,734,23,127,43598567.32999998,***技术有限责任公司,1,0
E20,2016Q4,12877827.729999997,68,0,12,15052489.439999994,141,0,12,2174661.709999997,***贸易有限公司,2,0
E20,2017Q1,7081869.2,51,0,7,6486333.550000002,65,0,3,-595535.6499999985,***贸易有限公司,2,0
E20,2017Q2,12981970.429999998,22,0,8,12263747.30000002,114,0,4,-718223.1299999785,***贸易有限公司,2,0
E20,2017Q3,31498009.2,100,0,14,33378374.16999997,236,0,9,1880364.969999969,***贸易有限公司,2,0
E20,2017Q4,10990652.18,29,1,10,16525970.780000001,21,0,7,5535318.6000000015,***贸易有限公司,2,0
E20,2018Q1,12875639.169999998,107,0,10,6426220.929999999,10,0,4,-6449418.239999999,***贸易有限公司,2,0
E20,2018Q2,4141394.2,47,0,8,11640365.16,12,0,1,7498970.96,***贸易有限公司,2,0
E20,2018Q3,27393967.56000001,167,1,15,28485675.169999998,29,0,5,1091707.6099999882,***贸易有限公司,2,0
E20,2018Q4,22568793.210000012,127,1,19,22692454.05,23,0,2,123660.83999998868,***贸易有限公司,2,0
E20,2019Q1,17353058.900000002,119,0,16,16721968.15,18,0,2,-631090.7500000019,***贸易有限公司,2,0
E20,2019Q2,19450124.330000002,115,0,21,22700841.93,28,0,4,3250717.5999999978,***贸易有限公司,2,0
E20,2019Q3,9011625.14,52,0,11,12556131.22,18,0,3,3544506.08,***贸易有限公司,2,0
E20,2019Q4,16114885.920000002,37,0,9,17191486.949999996,22,0,5,1076601.0299999937,***贸易有限公司,2,0
E21,2016Q4,1305573.56,16,0,8,1202088.75,14,0,4,-103484.81000000006,***建设工程有限公司,2,0
E21,2017Q1,5750007.47,66,0,17,7788803.67,81,0,7,2038796.2000000002,***建设工程有限公司,2,0
E21,2017Q2,219355.06,25,0,9,558773.78,7,0,3,339418.72000000003,***建设工程有限公司,2,0
E21,2017Q3,3735662.7000000007,97,0,46,1991884.1600000001,22,0,3,-1743778.5400000005,***建设工程有限公司,2,0
E21,2017Q4,4057252.3799999985,124,6,55,3205940.0,35,0,14,-851312.3799999985,***建设工程有限公司,2,0
E21,2018Q1,3898170.1699999995,135,0,46,5511706.46,61,0,29,1613536.2900000005,***建设工程有限公司,2,0
E21,2018Q2,4796214.580000001,155,0,72,2634788.06,27,0,16,-2161426.520000001,***建设工程有限公司,2,0
E21,2018Q3,8116540.26,161,1,66,5047910.199999999,53,0,10,-3068630.0600000005,***建设工程有限公司,2,0
E21,2018Q4,22987865.040000003,258,3,85,21571088.85,220,0,8,-1416776.1900000013,***建设工程有限公司,2,0
E21,2019Q1,14341365.16,188,0,72,18907464.6,190,0,24,4566099.440000001,***建设工程有限公司,2,0
E21,2019Q2,14034635.129999999,208,3,60,15936570.59,163,0,24,1901935.460000001,***建设工程有限公司,2,0
E21,2019Q3,19571580.459999993,297,3,96,15338755.75,157,0,80,-4232824.709999993,***建设工程有限公司,2,0
E21,2019Q4,20380538.11,416,6,137,30027071.0,398,46,131,9646532.89,***建设工程有限公司,2,0
E22,2016Q4,1794902.94,40,0,4,1167322.2999999998,22,2,5,-627580.6400000001,***物流有限公司,1,0
E22,2017Q1,2048755.3800000004,42,4,9,3138768.74,58,6,9,1090013.3599999999,***物流有限公司,1,0
E22,2017Q2,5811914.44,86,0,8,2841748.8,38,0,4,-2970165.6400000006,***物流有限公司,1,0
E22,2017Q3,6529116.139999999,130,0,12,6720752.160000002,72,0,6,191636.02000000328,***物流有限公司,1,0
E22,2017Q4,8800205.360000009,110,0,10,6182225.479999999,64,0,7,-2617979.88000001,***物流有限公司,1,0
E22,2018Q1,3560573.939999998,62,0,12,8067532.240000002,92,0,9,4506958.3000000045,***物流有限公司,1,0
E22,2018Q2,5670656.239999999,84,2,13,8912948.9,100,2,8,3242292.660000001,***物流有限公司,1,0
E22,2018Q3,2915298.08,114,0,20,8428035.34,92,0,7,5512737.26,***物流有限公司,1,0
E22,2018Q4,4366789.519999999,134,0,21,7690299.34,86,0,9,3323509.820000001,***物流有限公司,1,0
E22,2019Q1,4595038.060000002,172,6,18,14989099.339999992,164,0,14,10394061.27999999,***物流有限公司,1,0
E22,2019Q2,16029665.780000001,222,6,24,23319437.279999997,250,0,10,7289771.499999996,***物流有限公司,1,0
E22,2019Q3,10527348.340000002,266,0,33,24025498.56000001,254,2,12,13498150.220000008,***物流有限公司,1,0
E22,2019Q4,2239911.72,58,0,14,7402794.94,74,0,6,5162883.220000001,***物流有限公司,1,0
E23,2016Q4,15285576.429999996,113,0,20,17021562.85999998,233,0,30,1735986.4299999848,***贸易有限公司,2,0
E23,2017Q1,21027982.55,297,3,22,21015742.250000004,284,0,41,-12240.29999999702,***贸易有限公司,2,0
E23,2017Q2,18197666.319999993,97,1,26,16786639.410000015,261,0,38,-1411026.9099999778,***贸易有限公司,2,0
E23,2017Q3,14637375.01,465,4,141,14927403.240000002,253,0,47,290028.2300000023,***贸易有限公司,2,0
E23,2017Q4,10130386.049999999,341,2,122,18929617.760000013,283,0,40,8799231.710000014,***贸易有限公司,2,0
E23,2018Q1,18488974.290000003,366,2,142,19204026.14,291,3,40,715051.8499999978,***贸易有限公司,2,0
E23,2018Q2,15381132.729999999,551,8,193,17452009.839999992,303,8,44,2070877.1099999938,***贸易有限公司,2,0
E23,2018Q3,14753569.129999995,480,5,173,13379315.079999996,254,3,43,-1374254.0499999989,***贸易有限公司,2,0
E23,2018Q4,13551646.230000006,491,13,180,19250853.82,299,0,57,5699207.589999994,***贸易有限公司,2,0
E23,2019Q1,23485489.900000006,491,2,149,17435302.260000017,301,8,50,-6050187.639999989,***贸易有限公司,2,0
E23,2019Q2,18810546.540000007,518,11,168,17708536.79000001,322,5,46,-1102009.7499999963,***贸易有限公司,2,0
E23,2019Q3,13795388.730000002,475,15,144,14638466.790000001,266,5,53,843078.0599999987,***贸易有限公司,2,0
E23,2019Q4,3449012.22,117,8,73,4295116.289999998,91,2,37,846104.069999998,***贸易有限公司,2,0
E24,2017Q1,2929857.84,9,0,3,4263384.01,42,0,2,1333526.17,***建筑工程有限公司,1,0
E24,2017Q2,3979335.2300000004,37,1,11,6222800.0,59,0,3,2243464.7699999996,***建筑工程有限公司,1,0
E24,2017Q3,2808734.69,47,5,15,4113500.0,39,0,1,1304765.31,***建筑工程有限公司,1,0
E24,2017Q4,2063424.84,30,1,19,5121442.63,53,0,7,3058017.79,***建筑工程有限公司,1,0
E24,2018Q1,6410443.65,74,0,25,9892604.49,100,0,8,3482160.84,***建筑工程有限公司,1,0
E24,2018Q2,6953907.640000001,131,0,53,12740913.51,128,1,10,5787005.869999999,***建筑工程有限公司,1,0
E24,2018Q3,8757698.67,252,0,85,18641882.43,186,0,11,9884183.76,***建筑工程有限公司,1,0
E24,2018Q4,10691661.27,206,0,72,16525983.32,171,0,12,5834322.050000001,***建筑工程有限公司,1,0
E24,2019Q1,10006941.470000004,258,3,73,12501473.3,133,0,13,2494531.8299999963,***建筑工程有限公司,1,0
E24,2019Q2,7397102.519999997,210,2,80,18280514.57,214,11,14,10883412.050000004,***建筑工程有限公司,1,0
E24,2019Q3,11391203.729999999,259,0,78,19639849.810000002,203,0,12,8248646.080000004,***建筑工程有限公司,1,0
E24,2019Q4,10924859.820000002,369,1,105,19346021.09,225,12,19,8421161.269999998,***建筑工程有限公司,1,0
E24,2020Q1,1915498.0399999998,122,3,59,6958083.670000001,85,4,16,5042585.630000001,***建筑工程有限公司,1,0
E25,2017Q2,170495.0,12,0,7,1367272.5,57,2,25,1196777.5,***通讯设备有限公司,3,0
E25,2017Q3,551051.59,33,0,22,922151.5,63,1,33,371099.91000000003,***通讯设备有限公司,3,0
E25,2017Q4,647069.0,33,0,22,4409024.9,109,1,56,3761955.9000000004,***通讯设备有限公司,3,0
E25,2018Q1,1063849.2499999998,145,1,62,4104480.0,58,1,36,3040630.75,***通讯设备有限公司,3,0
E25,2018Q2,719621.02,171,1,83,2931188.3999999994,64,1,35,2211567.3799999994,***通讯设备有限公司,3,0
E25,2018Q3,1490525.94,148,0,70,6066073.64,71,1,28,4575547.699999999,***通讯设备有限公司,3,0
E25,2018Q4,1422811.25,162,1,91,9289499.3,87,0,39,7866688.050000001,***通讯设备有限公司,3,0
E25,2019Q1,320407.4199999999,144,0,65,1545247.96,59,0,31,1224840.54,***通讯设备有限公司,3,0
E25,2019Q2,171175.26,157,0,80,5778655.5,62,2,30,5607480.24,***通讯设备有限公司,3,0
E25,2019Q3,1268325.49,156,1,78,4004310.0,65,1,29,2735984.51,***通讯设备有限公司,3,0
E25,2019Q4,2056417.42,189,2,93,2269189.33,104,12,43,212771.91000000015,***通讯设备有限公司,3,0
E25,2020Q1,122440.23000000001,41,0,33,1146703.0,15,0,6,1024262.77,***通讯设备有限公司,3,0
E26,2016Q4,377237.94,15,0,9,15801.0,1,0,1,-361436.94,***金属材料有限公司,1,0
E26,2017Q1,2337389.2500000005,29,0,12,1230186.0,14,0,2,-1107203.2500000005,***金属材料有限公司,1,0
E26,2017Q2,3155654.6299999994,50,1,10,3951350.96,43,0,3,795696.3300000005,***金属材料有限公司,1,0
E26,2017Q3,3233968.8,87,0,33,3458479.22,37,1,10,224510.4200000004,***金属材料有限公司,1,0
E26,2017Q4,4658523.649999999,81,0,31,4875765.0,51,0,7,217241.35000000056,***金属材料有限公司,1,0
E26,2018Q1,4172923.51,66,0,26,3130788.0,33,0,8,-1042135.5099999998,***金属材料有限公司,1,0
E26,2018Q2,1834333.46,41,0,14,1616087.3499999999,21,0,6,-218246.1100000001,***金属材料有限公司,1,0
E26,2018Q3,2923875.5900000003,95,0,21,2962309.94,35,1,9,38434.34999999963,***金属材料有限公司,1,0
E26,2018Q4,4547023.699999999,79,0,22,5112168.15,51,0,8,565144.4500000011,***金属材料有限公司,1,0
E26,2019Q1,5913309.510000002,64,0,30,7302515.78,72,0,7,1389206.2699999986,***金属材料有限公司,1,0
E26,2019Q2,4368969.459999999,64,0,15,3906574.83,39,0,6,-462394.62999999896,***金属材料有限公司,1,0
E26,2019Q3,4080296.740000001,58,0,12,3842056.29,40,0,7,-238240.45000000112,***金属材料有限公司,1,0
E26,2019Q4,1041904.2799999999,29,0,16,1024988.3,13,0,4,-16915.979999999865,***金属材料有限公司,1,0
E27,2016Q4,1406393.3800000001,47,0,24,1340780.8699999999,29,0,15,-65612.51000000024,***农业开发有限公司,1,0
E27,2017Q1,3593247.869999998,111,2,27,3918571.19,94,0,28,325323.32000000216,***农业开发有限公司,1,0
E27,2017Q2,1374455.33,70,1,30,1858054.4100000004,67,0,24,483599.0800000003,***农业开发有限公司,1,0
E27,2017Q3,2721435.14,130,8,54,2264853.0500000003,85,0,30,-456582.08999999985,***农业开发有限公司,1,0
E27,2017Q4,3271798.380000001,158,7,64,3343849.1799999992,120,0,38,72050.79999999842,***农业开发有限公司,1,0
E27,2018Q1,3912674.7300000014,172,0,62,3561507.83,86,0,29,-351166.9000000013,***农业开发有限公司,1,0
E27,2018Q2,3591075.4900000007,186,1,60,3968363.4499999997,125,1,36,377287.95999999903,***农业开发有限公司,1,0
E27,2018Q3,3312733.64,200,0,58,3423158.5400000005,119,1,49,110424.90000000037,***农业开发有限公司,1,0
E27,2018Q4,5993489.87,239,0,68,4967266.4399999995,123,1,43,-1026223.4300000006,***农业开发有限公司,1,0
E27,2019Q1,4482077.360000001,266,1,87,5422123.07,115,3,39,940045.709999999,***农业开发有限公司,1,0
E27,2019Q2,4483427.079999999,285,0,90,4566955.820000001,146,4,59,83528.74000000209,***农业开发有限公司,1,0
E27,2019Q3,6358702.330000001,368,1,120,5165036.79,149,7,63,-1193665.540000001,***农业开发有限公司,1,0
E27,2019Q4,4388163.589999999,243,1,97,4859245.86,131,7,42,471082.2700000014,***农业开发有限公司,1,0
E28,2017Q1,10730.0,2,0,2,502700.0,1,0,1,491970.0,***景观工程有限公司,2,0
E28,2017Q3,118792.14,6,0,6,1199988.0,12,0,1,1081195.86,***景观工程有限公司,2,0
E28,2017Q4,1922.0,4,0,4,1592099.17,17,0,2,1590177.17,***景观工程有限公司,2,0
E28,2018Q1,315391.02,5,0,4,6270272.07,46,0,3,5954881.050000001,***景观工程有限公司,2,0
E28,2018Q3,29177.82,7,0,5,1931165.1900000002,21,0,2,1901987.37,***景观工程有限公司,2,0
E28,2018Q4,280827.48,30,0,16,6222168.180000001,66,0,3,5941340.700000001,***景观工程有限公司,2,0
E28,2019Q1,282329.11,14,0,10,3500000.0,35,0,1,3217670.89,***景观工程有限公司,2,0
E28,2019Q2,48961.0,8,0,4,4054000.0,41,0,2,4005039.0,***景观工程有限公司,2,0
E28,2019Q3,40528.2,13,0,11,6131148.78,64,0,4,6090620.58,***景观工程有限公司,2,0
E28,2019Q4,282005.5,59,0,18,11772110.2,118,0,2,11490104.7,***景观工程有限公司,2,0
E28,2020Q1,4089.2,8,0,5,6877483.41,70,0,3,6873394.21,***景观工程有限公司,2,0
E29,2017Q4,6056.469999999999,10,0,7,13551059.319999995,137,0,1,13545002.849999994,***建筑劳务有限公司,3,1
E29,2018Q3,2118.0,8,0,2,300000.0,3,0,1,297882.0,***建筑劳务有限公司,3,1
E29,2018Q4,2945.0,11,0,1,7799640.68,78,0,2,7796695.68,***建筑劳务有限公司,3,1
E29,2019Q1,570.0,2,0,1,2000000.0,20,0,1,1999430.0,***建筑劳务有限公司,3,1
E29,2019Q2,280.0,1,0,1,604300.0,6,0,1,604020.0,***建筑劳务有限公司,3,1
E29,2019Q4,3589.9700000000003,3,0,2,13581575.97,133,0,3,13577986.0,***建筑劳务有限公司,3,1
E3,2017Q1,3052031.4299999992,153,3,61,157484948.98999983,2520,442,78,154432917.55999982,***电子(中国)有限公司***分公司,3,0
E3,2017Q2,4084562.4799999995,186,0,78,57624874.03000001,1160,401,60,53540311.55000001,***电子(中国)有限公司***分公司,3,0
E3,2017Q3,3876526.750000001,309,0,108,39057532.45999991,1886,391,60,35181005.70999991,***电子(中国)有限公司***分公司,3,0
E3,2017Q4,8878332.31,320,0,119,47540425.26999996,2362,428,65,38662092.959999956,***电子(中国)有限公司***分公司,3,0
E3,2018Q1,4041179.9800000004,292,1,111,53920866.23000002,1713,276,47,49879686.250000015,***电子(中国)有限公司***分公司,3,0
E3,2018Q2,3267233.42,391,0,132,52261665.76999992,2383,274,50,48994432.34999992,***电子(中国)有限公司***分公司,3,0
E3,2018Q3,5485178.46,421,2,124,35209616.36999994,1845,330,45,29724437.909999937,***电子(中国)有限公司***分公司,3,0
E3,2018Q4,3694313.440000001,371,7,111,41524242.98000001,2247,414,45,37829929.540000014,***电子(中国)有限公司***分公司,3,0
E3,2019Q1,3355484.88,387,0,119,60738677.200000025,2044,282,36,57383192.32000002,***电子(中国)有限公司***分公司,3,0
E3,2019Q2,5162509.599999999,511,4,162,36347073.68999999,1329,370,45,31184564.089999992,***电子(中国)有限公司***分公司,3,0
E3,2019Q3,3585485.1399999983,471,6,141,25885893.959999993,1786,333,50,22300408.819999997,***电子(中国)有限公司***分公司,3,0
E3,2019Q4,4976767.74,453,3,145,36117369.899999954,1976,328,47,31140602.15999995,***电子(中国)有限公司***分公司,3,0
E3,2020Q1,719746.89,102,0,49,17357091.850000005,437,137,35,16637344.960000005,***电子(中国)有限公司***分公司,3,0
E30,2017Q3,1822365.72,84,1,29,4382747.240000005,41,0,1,2560381.520000005,***建筑工程有限公司,2,0
E30,2017Q4,785456.87,39,0,16,8568401.090000013,80,0,2,7782944.220000013,***建筑工程有限公司,2,0
E30,2018Q1,1656557.68,45,0,26,13473250.24000002,125,0,3,11816692.560000021,***建筑工程有限公司,2,0
E30,2018Q2,407677.6,41,0,16,9294517.020000013,88,0,5,8886839.420000013,***建筑工程有限公司,2,0
E30,2018Q3,1136677.75,38,0,15,9735442.720000012,97,0,5,8598764.970000012,***建筑工程有限公司,2,0
E30,2018Q4,3709980.1599999997,61,0,14,3444137.870000001,35,0,3,-265842.28999999864,***建筑工程有限公司,2,0
E30,2019Q1,5806744.49,86,0,13,7660732.910000011,71,0,3,1853988.420000011,***建筑工程有限公司,2,0
E30,2019Q2,101986.29999999999,18,0,8,4004987.530000001,39,0,2,3903001.2300000014,***建筑工程有限公司,2,0
E30,2019Q3,5213816.02,87,0,28,4281059.270000002,44,0,3,-932756.7499999972,***建筑工程有限公司,2,0
E30,2019Q4,3518833.7699999996,238,1,82,13263245.92000002,127,0,2,9744412.15000002,***建筑工程有限公司,2,0
E31,2017Q1,1023574.54,19,0,4,2947172.32,177,0,52,1923597.7799999998,***食品有限公司,1,0
E31,2017Q2,1010696.9700000001,20,0,4,3744476.45,205,0,62,2733779.48,***食品有限公司,1,0
E31,2017Q3,305271.12,13,0,7,4568747.68,235,1,72,4263476.56,***食品有限公司,1,0
E31,2017Q4,565661.9,25,0,13,3822212.6200000006,221,1,58,3256550.7200000007,***食品有限公司,1,0
E31,2018Q1,281527.98,40,0,23,3648609.9400000004,187,0,51,3367081.9600000004,***食品有限公司,1,0
E31,2018Q2,167862.05,29,0,16,3534527.6999999997,191,1,56,3366665.65,***食品有限公司,1,0
E31,2018Q3,112630.0,28,0,14,5336215.669999999,249,1,66,5223585.669999999,***食品有限公司,1,0
E31,2018Q4,247303.40000000002,52,1,25,4201422.02,211,0,70,3954118.6199999996,***食品有限公司,1,0
E31,2019Q1,302823.19,54,0,22,4851572.84,191,1,56,4548749.649999999,***食品有限公司,1,0
E31,2019Q2,221015.82,24,0,19,3546170.5300000003,172,0,61,3325154.7100000004,***食品有限公司,1,0
E31,2019Q3,215520.84,28,0,18,6367786.91,205,0,60,6152266.07,***食品有限公司,1,0
E31,2019Q4,456351.70999999996,45,0,24,6440390.97,212,0,60,5984039.26,***食品有限公司,1,0
E31,2020Q1,148968.06000000006,27,0,17,1262543.3,45,1,32,1113575.24,***食品有限公司,1,0
E32,2017Q2,360.0,2,0,2,2927000.0,30,0,2,2926640.0,***建筑劳务有限公司,2,0
E32,2017Q3,71615.0,38,0,24,7000000.0,70,0,1,6928385.0,***建筑劳务有限公司,2,0
E32,2017Q4,46623.5,65,0,27,613500.0,9,0,2,566876.5,***建筑劳务有限公司,2,0
E32,2018Q1,221957.42,146,1,46,3000000.0,30,0,1,2778042.58,***建筑劳务有限公司,2,0
E32,2018Q2,183596.96,263,5,43,1800000.0,18,0,1,1616403.04,***建筑劳务有限公司,2,0
E32,2018Q3,145819.89999999994,254,0,53,2148472.2,23,0,3,2002652.3000000003,***建筑劳务有限公司,2,0
E32,2018Q4,574763.87,372,0,50,2117273.08,27,2,3,1542509.21,***建筑劳务有限公司,2,0
E32,2019Q1,374979.7500000001,475,0,63,10109008.0,102,0,4,9734028.25,***建筑劳务有限公司,2,0
E32,2019Q2,271347.0299999999,439,0,67,1000000.0,10,0,1,728652.9700000001,***建筑劳务有限公司,2,0
E32,2019Q3,223994.74,399,0,60,5700000.0,57,0,2,5476005.26,***建筑劳务有限公司,2,0
E32,2019Q4,427517.55,358,0,68,8040000.0,81,0,2,7612482.45,***建筑劳务有限公司,2,0
E33,2017Q2,9421557.170000002,115,5,21,9236593.620000001,109,0,17,-184963.55000000075,***园林有限责任公司,2,0
E33,2017Q3,6733938.64,105,1,40,5381001.340000001,93,13,15,-1352937.2999999989,***园林有限责任公司,2,0
E33,2017Q4,7103119.23,109,0,38,12572201.37,143,1,19,5469082.139999999,***园林有限责任公司,2,0
E33,2018Q1,12111752.52,197,0,54,12163619.100000001,139,0,25,51866.58000000194,***园林有限责任公司,2,0
E33,2018Q2,6740106.31,111,2,37,5246867.289999999,64,0,13,-1493239.0200000005,***园林有限责任公司,2,0
E33,2018Q3,1946632.46,79,1,31,3231920.08,47,0,17,1285287.62,***园林有限责任公司,2,0
E33,2018Q4,7963200.529999998,121,0,42,6620593.129999999,76,0,13,-1342607.3999999994,***园林有限责任公司,2,0
E33,2019Q1,5398373.890000001,106,4,36,7622598.770000001,86,0,11,2224224.880000001,***园林有限责任公司,2,0
E33,2019Q2,2416298.54,42,0,23,1702581.56,22,0,8,-713716.98,***园林有限责任公司,2,0
E33,2019Q3,2077368.8,32,1,18,2782297.4699999997,38,0,9,704928.6699999997,***园林有限责任公司,2,0
E33,2019Q4,3841971.4899999998,63,0,32,3695042.630000001,50,0,12,-146928.85999999894,***园林有限责任公司,2,0
E33,2020Q1,3890436.579999999,53,0,19,4185079.8,45,0,7,294643.22000000067,***园林有限责任公司,2,0
E34,2016Q4,219345.5,11,0,5,211580.71999999997,5,1,2,-7764.780000000028,***建设工程有限公司,2,0
E34,2017Q1,456853.02000000014,26,0,7,1964250.98,23,0,6,1507397.96,***建设工程有限公司,2,0
E34,2017Q2,590239.99,15,2,7,15535444.219999999,161,1,6,14945204.229999999,***建设工程有限公司,2,0
E34,2017Q3,1248269.15,47,1,24,2866840.6799999997,33,0,11,1618571.5299999998,***建设工程有限公司,2,0
E34,2017Q4,2864257.7800000003,62,3,24,17189152.48,179,1,9,14324894.7,***建设工程有限公司,2,0
E34,2018Q1,1107489.96,68,0,23,2717518.5200000005,33,0,18,1610028.5600000005,***建设工程有限公司,2,0
E34,2018Q2,678386.4900000001,62,0,27,4207898.45,9,0,2,3529511.96,***建设工程有限公司,2,0
E34,2018Q3,1735946.4200000002,85,1,40,3271681.41,8,0,6,1535734.99,***建设工程有限公司,2,0
E34,2018Q4,2535977.76,151,2,50,7378086.1,31,0,6,4842108.34,***建设工程有限公司,2,0
E34,2019Q1,2035117.3199999998,230,1,81,1975162.8,14,0,4,-59954.519999999786,***建设工程有限公司,2,0
E34,2019Q2,1608222.6299999994,229,1,88,2176033.79,14,0,6,567811.1600000006,***建设工程有限公司,2,0
E34,2019Q3,10973692.56,428,8,152,7075870.72,45,0,7,-3897821.840000001,***建设工程有限公司,2,0
E34,2019Q4,26796053.069999985,657,25,182,28999207.64,41,0,11,2203154.570000015,***建设工程有限公司,2,0
E35,2016Q4,1669302.58,24,1,8,1243689.9500000002,112,0,4,-425612.6299999999,***商贸有限公司,2,0
E35,2017Q1,907905.0399999999,30,0,8,1447829.52,103,1,4,539924.4800000001,***商贸有限公司,2,0
E35,2017Q2,2166431.1300000004,45,0,15,2106349.18,32,0,4,-60081.950000000186,***商贸有限公司,2,0
E35,2017Q3,1606870.5199999998,41,0,20,1845615.8399999996,23,0,6,238745.31999999983,***商贸有限公司,2,0
E35,2017Q4,2141689.8400000003,57,0,27,2361992.51,34,0,9,220302.66999999946,***商贸有限公司,2,0
E35,2018Q1,2508374.37,45,0,24,2555879.1199999996,37,0,9,47504.749999999534,***商贸有限公司,2,0
E35,2018Q2,2833704.2,51,0,24,3075072.77,47,0,10,241368.56999999983,***商贸有限公司,2,0
E35,2018Q3,2548422.58,37,0,16,2513266.36,40,1,11,-35156.220000000205,***商贸有限公司,2,0
E35,2018Q4,2255776.76,70,6,34,2206154.98,35,0,9,-49621.779999999795,***商贸有限公司,2,0
E35,2019Q1,4246364.21,83,4,34,3558137.8899999997,52,0,10,-688226.3200000003,***商贸有限公司,2,0
E35,2019Q2,2458914.4200000004,54,0,24,4709039.63,66,0,14,2250125.2099999995,***商贸有限公司,2,0
E35,2019Q3,5000842.360000001,63,0,28,7268657.6899999995,106,0,13,2267815.329999998,***商贸有限公司,2,0
E35,2019Q4,3107324.22,33,0,18,3741575.309999999,50,0,7,634251.0899999989,***商贸有限公司,2,0
E36,2017Q2,1862043.63,61,0,39,2485254.9699999997,77,4,41,623211.3399999999,***超硬材料有限公司,4,1
E36,2017Q3,1510019.74,100,1,64,2680790.76,93,9,41,1170771.0199999998,***超硬材料有限公司,4,1
E36,2017Q4,1889410.5,96,0,61,3162605.3500000006,142,0,73,1273194.8500000006,***超硬材料有限公司,4,1
E36,2018Q1,1827798.93,114,0,66,2701725.67,147,10,65,873926.74,***超硬材料有限公司,4,1
E36,2018Q2,2391438.67,132,0,70,3244736.27,126,0,76,853297.6000000001,***超硬材料有限公司,4,1
E36,2018Q3,2229634.22,120,1,55,4303448.029999998,166,7,88,2073813.8099999982,***超硬材料有限公司,4,1
E36,2018Q4,2147019.94,126,0,63,3496566.1700000004,136,1,72,1349546.2300000004,***超硬材料有限公司,4,1
E36,2019Q1,1629370.05,152,0,69,4084951.3900000006,147,0,71,2455581.340000001,***超硬材料有限公司,4,1
E36,2019Q2,2511979.709999999,184,0,93,5775881.520000001,164,2,66,3263901.8100000024,***超硬材料有限公司,4,1
E36,2019Q3,2537694.9899999993,227,0,111,4267653.930000002,127,0,51,1729958.9400000023,***超硬材料有限公司,4,1
E36,2019Q4,1863995.7199999995,250,4,133,3968057.2600000002,104,0,54,2104061.540000001,***超硬材料有限公司,4,1
E37,2017Q1,4098181.5299999975,48,0,8,4181634.929999999,125,6,15,83453.4000000013,***木业有限公司,2,0
E37,2017Q2,2427564.709999999,26,0,4,1748830.4700000002,161,1,25,-678734.2399999988,***木业有限公司,2,0
E37,2017Q3,1797101.3700000003,18,0,4,1859076.01,120,0,24,61974.639999999665,***木业有限公司,2,0
E37,2017Q4,2573217.5199999996,31,0,10,2714168.54,165,2,29,140951.02000000048,***木业有限公司,2,0
E37,2018Q1,4267994.44,53,0,11,3688737.8,65,5,30,-579256.6400000006,***木业有限公司,2,0
E37,2018Q2,4678834.13,56,0,18,5787954.19,77,0,32,1109120.0600000005,***木业有限公司,2,0
E37,2018Q3,3410916.43,43,0,14,3447837.88,58,0,32,36921.44999999972,***木业有限公司,2,0
E37,2018Q4,4528608.77,53,0,18,4195783.9,77,0,54,-332824.8699999992,***木业有限公司,2,0
E37,2019Q1,5416549.510000003,64,0,17,5511180.62,74,0,44,94631.10999999754,***木业有限公司,2,0
E37,2019Q2,4662879.029999999,60,2,20,2752586.4099999997,49,0,30,-1910292.6199999996,***木业有限公司,2,0
E37,2019Q3,3787178.04,44,0,12,4891639.18,69,0,42,1104461.1399999997,***木业有限公司,2,0
E37,2019Q4,5895532.379999998,67,0,19,6228820.6,102,0,61,333288.2200000016,***木业有限公司,2,0
E37,2020Q1,2533760.83,29,0,9,3080995.24,42,0,24,547234.4100000001,***木业有限公司,2,0
E38,2017Q3,21509.0,11,0,8,2065259.0,21,0,1,2043750.0,***建设工程有限公司,2,0
E38,2017Q4,33951.0,20,0,10,5800000.0,58,0,1,5766049.0,***建设工程有限公司,2,0
E38,2018Q1,4206179.06,71,0,26,5000000.0,50,0,1,793820.9400000004,***建设工程有限公司,2,0
E38,2018Q2,351845.44,70,4,26,3872006.0,39,0,1,3520160.56,***建设工程有限公司,2,0
E38,2018Q3,163277.49,57,0,35,9231787.0,94,0,2,9068509.51,***建设工程有限公司,2,0
E38,2018Q4,1156564.27,121,0,42,1158032.7499999998,29,4,2,1468.4799999997485,***建设工程有限公司,2,0
E38,2019Q1,865960.17,117,0,52,6181330.53,72,0,4,5315370.36,***建设工程有限公司,2,0
E38,2019Q2,533924.26,105,0,42,186915.56,6,0,1,-347008.7,***建设工程有限公司,2,0
E38,2019Q3,1812243.6300000001,161,0,72,9676908.759999998,106,0,5,7864665.129999998,***建设工程有限公司,2,0
E38,2019Q4,4016749.599999998,224,0,80,4677307.34,53,0,3,660557.7400000016,***建设工程有限公司,2,0
E39,2017Q4,17752.0,20,0,11,2548675.0,24,0,1,2530923.0,***建筑劳务有限公司,3,0
E39,2018Q1,28456.0,40,0,17,4399578.0,41,0,2,4371122.0,***建筑劳务有限公司,3,0
E39,2018Q2,8970.6,20,0,15,4009626.0,44,0,1,4000655.4,***建筑劳务有限公司,3,0
E39,2018Q3,13893.039999999999,38,0,9,3465447.0,32,0,1,3451553.96,***建筑劳务有限公司,3,0
E39,2018Q4,6388.0,4,0,4,300000.0,12,0,1,293612.0,***建筑劳务有限公司,3,0
E39,2019Q2,60431.87,56,0,13,1489193.78,28,4,1,1428761.91,***建筑劳务有限公司,3,0
E39,2019Q3,192000.68,53,0,10,8180548.8,25,2,1,7988548.12,***建筑劳务有限公司,3,0
E39,2019Q4,42527.27,42,0,5,1339133.5,12,0,1,1296606.23,***建筑劳务有限公司,3,0
E4,2017Q1,5047734.48,29,0,16,564468363.7700002,521,0,3,559420629.2900002,***发展有限责任公司,3,0
E4,2017Q2,1203636.4,25,1,19,677142080.8600012,610,0,4,675938444.4600012,***发展有限责任公司,3,0
E4,2017Q3,36294.72,11,0,8,42797499.57,43,0,3,42761204.85,***发展有限责任公司,3,0
E4,2017Q4,72349642.68,40,1,25,238954741.61000058,215,0,8,166605098.93000057,***发展有限责任公司,3,0
E4,2018Q1,85252519.88999999,50,0,24,132611065.99999999,117,0,3,47358546.11,***发展有限责任公司,3,0
E4,2018Q2,581774.88,72,0,31,164685873.21,156,0,6,164104098.33,***发展有限责任公司,3,0
E4,2018Q3,4553987.98,55,0,31,110322295.24000004,116,4,9,105768307.26000004,***发展有限责任公司,3,0
E4,2018Q4,23323108.659999996,46,1,27,77017071.46999998,101,5,9,53693962.80999999,***发展有限责任公司,3,0
E4,2019Q1,311349.0,23,1,16,35606919.61000001,41,0,4,35295570.61000001,***发展有限责任公司,3,0
E4,2019Q2,136117.68999999997,28,0,16,21965028.30999999,30,0,4,21828910.61999999,***发展有限责任公司,3,0
E4,2019Q3,14028012.6,36,0,25,19276111.44,22,0,4,5248098.840000002,***发展有限责任公司,3,0
E4,2019Q4,47744203.410000004,98,0,23,61693533.61999999,69,0,2,13949330.209999986,***发展有限责任公司,3,0
E40,2017Q2,9223.0,10,0,9,169304.0,4,0,2,160081.0,***财税咨询服务有限公司,3,0
E40,2017Q3,50225.29,70,0,47,586205.2,12,0,8,535979.9099999999,***财税咨询服务有限公司,3,0
E40,2017Q4,176860.3,108,2,59,2131388.96,58,0,23,1954528.66,***财税咨询服务有限公司,3,0
E40,2018Q1,162570.30000000002,190,0,107,773478.85,37,2,16,610908.5499999999,***财税咨询服务有限公司,3,0
E40,2018Q2,459467.88000000006,302,5,142,2464932.0799999996,87,4,52,2005464.1999999995,***财税咨询服务有限公司,3,0
E40,2018Q3,372588.28,318,3,130,2282165.5,88,5,68,1909577.22,***财税咨询服务有限公司,3,0
E40,2018Q4,846419.5299999999,394,4,169,6308176.82,134,4,61,5461757.29,***财税咨询服务有限公司,3,0
E40,2019Q1,1066621.9300000002,469,3,193,1251601.54,59,10,48,184979.60999999987,***财税咨询服务有限公司,3,0
E40,2019Q2,482263.76,315,1,125,4292373.03,79,6,64,3810109.2700000005,***财税咨询服务有限公司,3,0
E40,2019Q3,399874.9900000001,368,1,153,5206074.11,102,8,98,4806199.12,***财税咨询服务有限公司,3,0
E40,2019Q4,368113.48000000004,411,10,182,7428395.190000001,116,3,98,7060281.710000001,***财税咨询服务有限公司,3,0
E40,2020Q1,92106.62000000001,113,5,63,1613656.03,24,0,24,1521549.41,***财税咨询服务有限公司,3,0
E41,2017Q2,16648.8,5,0,4,671470.33,22,2,6,654821.5299999999,***物业发展有限公司,3,0
E41,2017Q3,233539.49,77,1,38,548866.93,15,0,4,315327.44000000006,***物业发展有限公司,3,0
E41,2017Q4,174783.55,79,0,43,1994197.4400000002,37,1,5,1819413.8900000001,***物业发展有限公司,3,0
E41,2018Q1,400912.28,145,0,51,1632699.5099999998,32,0,5,1231787.2299999997,***物业发展有限公司,3,0
E41,2018Q2,408041.2099999999,174,4,74,2174371.2300000004,44,1,5,1766330.0200000005,***物业发展有限公司,3,0
E41,2018Q3,589397.76,233,3,101,2187299.42,44,1,5,1597901.66,***物业发展有限公司,3,0
E41,2018Q4,425090.66,215,0,103,2322154.4499999997,49,2,8,1897063.7899999998,***物业发展有限公司,3,0
E41,2019Q1,620722.53,228,0,91,2235085.9699999997,44,0,5,1614363.4399999997,***物业发展有限公司,3,0
E41,2019Q2,481297.51,181,2,96,7103420.930000002,110,1,5,6622123.420000002,***物业发展有限公司,3,0
E41,2019Q3,427924.13000000006,254,2,110,5054582.960000003,77,2,5,4626658.830000003,***物业发展有限公司,3,0
E41,2019Q4,939089.96,249,0,108,3711288.6100000003,73,8,6,2772198.6500000004,***物业发展有限公司,3,0
E41,2020Q1,671279.4500000002,128,1,59,3363495.6799999997,51,0,6,2692216.2299999995,***物业发展有限公司,3,0
E42,2017Q4,180.0,1,0,1,1159578.5,19,3,4,1159398.5,***园艺场,1,0
E42,2019Q3,6360.0,28,0,5,6054025.0,68,0,9,6047665.0,***园艺场,1,0
E42,2019Q4,4479.0,16,0,3,2240420.85,24,0,4,2235941.85,***园艺场,1,0
E42,2020Q1,750.0,2,0,1,3009743.0,32,0,4,3008993.0,***园艺场,1,0
E43,2018Q3,1176080.0,13,0,3,3734127.2300000023,40,0,4,2558047.2300000023,***建设工程有限公司,2,0
E43,2018Q4,275067.95,6,0,4,4472739.4300000025,60,5,4,4197671.480000002,***建设工程有限公司,2,0
E43,2019Q1,1745920.0,7,0,4,2299074.5299999993,22,0,1,553154.5299999993,***建设工程有限公司,2,0
E43,2019Q2,112750.0,27,10,5,3100000.000000001,30,0,1,2987250.000000001,***建设工程有限公司,2,0
E43,2019Q3,46064.0,6,0,4,6109505.950000003,62,0,3,6063441.950000003,***建设工程有限公司,2,0
E44,2016Q4,606794.5800000001,24,0,11,785521.06,90,5,13,178726.47999999998,***商贸有限公司,3,0
E44,2017Q1,1384791.1,41,0,16,2118494.020000002,230,14,11,733702.9200000018,***商贸有限公司,3,0
E44,2017Q2,1269048.1600000001,51,0,19,1325318.24,136,7,6,56270.07999999984,***商贸有限公司,3,0
E44,2017Q3,932761.5,53,0,32,1083029.4600000007,103,0,7,150267.96000000066,***商贸有限公司,3,0
E44,2017Q4,2139059.74,104,0,52,2257847.5900000003,209,0,9,118787.8500000001,***商贸有限公司,3,0
E44,2018Q1,3092277.0,97,0,41,3250262.009999993,286,0,5,157985.0099999928,***商贸有限公司,3,0
E44,2018Q2,2518555.5,90,0,39,1540382.4699999993,193,27,6,-978173.0300000007,***商贸有限公司,3,0
E44,2018Q3,1296318.0,95,1,33,2789406.770000001,259,2,8,1493088.770000001,***商贸有限公司,3,0
E44,2018Q4,4197473.92,162,0,53,4452247.94,398,1,8,254774.02000000048,***商贸有限公司,3,0
E44,2019Q1,5958152.319999999,155,0,60,5952163.669999999,189,0,6,-5988.6500000003725,***商贸有限公司,3,0
E44,2019Q2,2485040.24,88,0,44,2669248.1200000006,41,0,5,184207.88000000035,***商贸有限公司,3,0
E44,2019Q3,2206676.89,101,1,46,2837344.5600000005,35,0,6,630667.6700000004,***商贸有限公司,3,0
E44,2019Q4,6294682.3500000015,161,0,64,6679258.490000002,73,0,6,384576.1400000006,***商贸有限公司,3,0
E45,2017Q4,1517323.1400000001,29,0,12,1642958.6400000001,19,0,9,125635.5,个体经营E45,2,1
E45,2018Q1,437912.01,55,0,30,1942398.0,19,0,6,1504485.99,个体经营E45,2,1
E45,2018Q2,1262581.02,75,0,35,1308874.81,23,0,16,46293.79000000004,个体经营E45,2,1
E45,2018Q3,967572.2,45,0,15,1004814.24,16,0,11,37242.04000000004,个体经营E45,2,1
E45,2018Q4,919917.5400000002,70,0,27,704540.2,21,7,6,-215377.3400000002,个体经营E45,2,1
E45,2019Q2,6372468.900000001,104,0,20,7552414.339999999,74,0,14,1179945.4399999976,个体经营E45,2,1
E45,2019Q3,6894658.600000001,86,0,13,7602515.590000003,74,0,11,707856.9900000021,个体经营E45,2,1
E45,2019Q4,6156829.889999998,70,0,5,6167348.0,59,0,8,10518.110000002198,个体经营E45,2,1
E46,2016Q4,556193.02,18,0,12,675000.0,12,0,6,118806.97999999998,***广告传媒有限公司,3,0
E46,2017Q1,2681371.6300000004,122,0,21,4301600.0,60,1,18,1620228.3699999996,***广告传媒有限公司,3,0
E46,2017Q2,3471172.84,85,0,22,4859040.0,62,0,12,1387867.1600000001,***广告传媒有限公司,3,0
E46,2017Q3,3289742.69,157,0,49,5511460.0,75,0,18,2221717.31,***广告传媒有限公司,3,0
E46,2017Q4,7306864.049999999,338,1,64,8213900.0,101,0,26,907035.9500000011,***广告传媒有限公司,3,0
E46,2018Q1,5172874.210000001,247,0,96,5899795.42,77,1,26,726921.209999999,***广告传媒有限公司,3,0
E46,2018Q2,7230540.26,235,1,77,8248978.0,130,14,24,1018437.7400000002,***广告传媒有限公司,3,0
E46,2018Q3,3845865.1600000006,243,2,76,3158950.0,62,7,22,-686915.1600000006,***广告传媒有限公司,3,0
E46,2018Q4,3883442.619999999,188,1,63,4558940.0,65,1,31,675497.3800000008,***广告传媒有限公司,3,0
E46,2019Q1,3703882.77,177,0,63,3741234.4,66,4,36,37351.62999999989,***广告传媒有限公司,3,0
E46,2019Q2,2610542.5999999996,191,5,67,2923500.0,41,0,22,312957.4000000004,***广告传媒有限公司,3,0
E46,2019Q3,3692253.9,218,1,82,4453860.0,62,2,22,761606.1000000001,***广告传媒有限公司,3,0
E46,2019Q4,5258797.659999995,273,6,92,5565585.0,76,6,17,306787.34000000544,***广告传媒有限公司,3,0
E47,2016Q4,3380226.6700000004,109,0,57,4146392.4499999997,248,1,191,766165.7799999993,***控制设备有限责任公司,3,0
E47,2017Q1,4569391.04,177,1,71,5072859.249999999,289,4,202,503468.20999999903,***控制设备有限责任公司,3,0
E47,2017Q2,6487387.54,268,0,96,7731642.600000003,332,0,211,1244255.0600000033,***控制设备有限责任公司,3,0
E47,2017Q3,4754396.659999999,265,3,101,5767223.469999999,344,5,217,1012826.8099999996,***控制设备有限责任公司,3,0
E47,2017Q4,3509421.92,243,1,101,4137878.2600000002,284,2,200,628456.3400000003,***控制设备有限责任公司,3,0
E47,2018Q1,3123153.07,213,0,82,3781516.0300000007,207,2,142,658362.9600000009,***控制设备有限责任公司,3,0
E47,2018Q2,4019451.0199999996,331,2,121,5238113.49,317,0,195,1218662.4700000007,***控制设备有限责任公司,3,0
E47,2018Q3,2973886.92,237,0,85,3544088.350000001,229,2,150,570201.4300000011,***控制设备有限责任公司,3,0
E47,2018Q4,3038608.69,213,0,79,3858986.11,235,2,159,820377.4199999999,***控制设备有限责任公司,3,0
E47,2019Q1,3331456.63,234,1,76,4478006.020000001,274,0,174,1146549.3900000015,***控制设备有限责任公司,3,0
E47,2019Q2,3296828.02,198,1,80,3479626.4099999997,229,0,150,182798.38999999966,***控制设备有限责任公司,3,0
E47,2019Q3,2907006.3099999996,195,1,73,3322379.2900000005,224,2,141,415372.9800000009,***控制设备有限责任公司,3,0
E47,2019Q4,2538640.3799999994,128,1,63,3029565.9,144,0,106,490925.5200000005,***控制设备有限责任公司,3,0
E48,2017Q1,203985.2,6,0,5,809554.0,12,0,4,605568.8,***化工有限公司,1,0
E48,2017Q2,385129.4,14,0,8,1043528.0,28,0,9,658398.6,***化工有限公司,1,0
E48,2017Q3,771501.1299999999,50,2,19,1630460.0,36,0,9,858958.8700000001,***化工有限公司,1,0
E48,2017Q4,262359.52,44,0,16,2874892.0,58,2,15,2612532.48,***化工有限公司,1,0
E48,2018Q1,233370.41,97,1,41,2025361.0,36,0,8,1791990.59,***化工有限公司,1,0
E48,2018Q2,961567.5599999999,133,0,48,2397200.0,54,2,13,1435632.44,***化工有限公司,1,0
E48,2018Q3,692711.2200000003,114,0,40,5401553.359999999,77,0,13,4708842.139999999,***化工有限公司,1,0
E48,2018Q4,2053992.1199999994,145,0,57,6649148.44,112,0,21,4595156.320000001,***化工有限公司,1,0
E48,2019Q1,1072308.8899999997,116,0,49,4207809.36,76,0,14,3135500.4700000007,***化工有限公司,1,0
E48,2019Q2,1399896.62,145,1,66,8400414.239999998,129,0,26,7000517.619999998,***化工有限公司,1,0
E48,2019Q3,2388765.2700000005,155,0,69,10023283.379999999,146,0,29,7634518.1099999985,***化工有限公司,1,0
E48,2019Q4,3420059.5900000003,146,1,64,9763059.72,156,2,31,6343000.130000001,***化工有限公司,1,0
E48,2020Q1,531648.42,45,0,29,2121236.0,40,0,15,1589587.58,***化工有限公司,1,0
E49,2017Q1,455503.05,46,2,13,2992190.0099999993,42,0,8,2536686.9599999995,***地球环保科技有限公司,3,0
E49,2017Q2,1143592.63,29,0,12,1204285.2999999998,37,11,6,60692.669999999925,***地球环保科技有限公司,3,0
E49,2017Q3,642047.94,57,1,36,1594115.0,20,0,18,952067.06,***地球环保科技有限公司,3,0
E49,2017Q4,132542.91,39,0,26,4811098.0,52,2,36,4678555.09,***地球环保科技有限公司,3,0
E49,2018Q1,1996842.41,132,3,60,12474.2,3,0,2,-1984368.21,***地球环保科技有限公司,3,0
E49,2018Q2,1680672.2599999995,288,3,116,7614290.1,77,0,29,5933617.84,***地球环保科技有限公司,3,0
E49,2018Q3,4372481.449999998,419,2,143,1084035.39,14,0,14,-3288446.0599999987,***地球环保科技有限公司,3,0
E49,2018Q4,2965267.430000002,479,1,162,6389239.8,69,0,47,3423972.369999998,***地球环保科技有限公司,3,0
E49,2019Q1,2787361.009999999,468,2,140,782000.0,9,0,2,-2005361.0099999988,***地球环保科技有限公司,3,0
E49,2019Q2,1397023.5899999996,327,3,116,5040118.9,54,0,42,3643095.3100000005,***地球环保科技有限公司,3,0
E49,2019Q3,742868.9800000001,338,0,122,2471000.0,27,0,20,1728131.02,***地球环保科技有限公司,3,0
E49,2019Q4,3482354.429999999,673,2,231,3368204.92,37,0,21,-114149.50999999885,***地球环保科技有限公司,3,0
E49,2020Q1,2702173.95,223,0,96,1843117.6,20,0,15,-859056.3500000001,***地球环保科技有限公司,3,0
E5,2017Q1,576830.2,13,0,7,929098.0,9,0,2,352267.80000000005,***供应链管理有限公司,2,0
E5,2017Q2,3205233.19,42,0,11,3389888.5999999996,39,0,4,184655.40999999968,***供应链管理有限公司,2,0
E5,2017Q3,113615.8,37,0,24,49560.0,1,0,1,-64055.8,***供应链管理有限公司,2,0
E5,2017Q4,1268202.6099999999,17,0,13,881352.0,14,0,4,-386850.60999999987,***供应链管理有限公司,2,0
E5,2018Q1,7552563.3,53,0,17,7835868.699999999,75,0,6,283305.39999999944,***供应链管理有限公司,2,0
E5,2018Q2,21333682.160000008,176,0,38,21471298.99999999,219,10,10,137616.83999998122,***供应链管理有限公司,2,0
E5,2018Q3,32000849.579999946,149,0,37,27041186.379999995,251,0,16,-4959663.199999951,***供应链管理有限公司,2,0
E5,2018Q4,60483671.39999999,309,1,45,64767153.81999999,257,0,14,4283482.420000002,***供应链管理有限公司,2,0
E5,2019Q1,40269687.3,307,10,64,39279972.599999994,46,0,11,-989714.700000003,***供应链管理有限公司,2,0
E5,2019Q2,21656130.339999992,228,1,84,25396526.16,28,0,5,3740395.8200000077,***供应链管理有限公司,2,0
E5,2019Q3,17558437.17,266,1,87,19154646.830000002,28,0,6,1596209.6600000001,***供应链管理有限公司,2,0
E5,2019Q4,19274439.749999996,401,3,160,19705880.1,31,0,8,431440.3500000052,***供应链管理有限公司,2,0
E5,2020Q1,2038636.1699999997,86,0,51,3388267.7999999993,7,0,2,1349631.6299999997,***供应链管理有限公司,2,0
E50,2017Q3,2195.0,4,0,4,4091168.0,42,0,1,4088973.0,***建筑劳务有限公司,3,0
E50,2018Q1,18190.0,21,0,13,400000.0,4,0,1,381810.0,***建筑劳务有限公司,3,0
E50,2018Q4,17594.64,20,0,10,2447607.82,26,0,2,2430013.1799999997,***建筑劳务有限公司,3,0
E50,2019Q1,54617.93,23,0,12,1170110.6,50,18,3,1115492.6700000002,***建筑劳务有限公司,3,0
E50,2019Q2,209420.0,26,0,12,6892460.5600000005,76,0,3,6683040.5600000005,***建筑劳务有限公司,3,0
E50,2019Q3,1349837.0,32,0,18,4101327.17,45,0,2,2751490.17,***建筑劳务有限公司,3,0
E50,2019Q4,192809.71999999997,13,1,8,1027804.56,12,0,1,834994.8400000001,***建筑劳务有限公司,3,0
E51,2016Q4,101099.27,2,0,2,141032.57,14,0,11,39933.3,***物流有限公司,2,0
E51,2017Q1,406935.29,20,1,9,1021826.2500000001,38,0,20,614890.9600000002,***物流有限公司,2,0
E51,2017Q2,1083959.01,22,0,5,1460355.8599999999,41,0,23,376396.84999999986,***物流有限公司,2,0
E51,2017Q3,546312.49,20,0,6,1034267.17,38,0,25,487954.68000000005,***物流有限公司,2,0
E51,2017Q4,1300916.8800000001,28,0,7,1460079.47,48,0,30,159162.58999999985,***物流有限公司,2,0
E51,2018Q1,1319957.14,33,0,11,1876844.5100000002,47,0,19,556887.3700000003,***物流有限公司,2,0
E51,2018Q2,1968995.8599999999,40,2,9,2354405.17,62,0,31,385409.31000000006,***物流有限公司,2,0
E51,2018Q3,2085956.48,34,0,6,1790831.08,54,0,26,-295125.3999999999,***物流有限公司,2,0
E51,2018Q4,3147960.7399999998,49,0,10,2685962.2699999996,77,0,36,-461998.4700000002,***物流有限公司,2,0
E51,2019Q1,2353757.6100000003,52,0,14,3910719.5,94,0,39,1556961.8899999997,***物流有限公司,2,0
E51,2019Q2,3800774.2599999993,60,1,19,3719589.5600000005,82,1,33,-81184.69999999879,***物流有限公司,2,0
E51,2019Q3,1885424.8800000001,33,0,7,3581453.530000001,102,2,40,1696028.650000001,***物流有限公司,2,0
E51,2019Q4,2557041.99,58,0,20,5415968.659999998,137,0,50,2858926.669999998,***物流有限公司,2,0
E52,2017Q4,21626.0,10,0,8,691095.0,11,0,2,669469.0,***商贸有限公司,4,1
E52,2018Q1,673281.47,30,0,15,865770.0,14,0,1,192488.53000000003,***商贸有限公司,4,1
E52,2018Q2,1027490.9,21,0,8,501400.0,10,0,3,-526090.9,***商贸有限公司,4,1
E52,2018Q3,250165.8,9,0,8,306029.0,8,0,2,55863.20000000001,***商贸有限公司,4,1
E52,2018Q4,1843175.0,27,0,20,2420904.2,31,0,2,577729.2000000002,***商贸有限公司,4,1
E52,2019Q1,1264297.0,31,1,11,2235025.5200000005,26,0,2,970728.5200000005,***商贸有限公司,4,1
E52,2019Q2,2075919.33,62,0,30,2165631.000000001,24,0,1,89711.67000000086,***商贸有限公司,4,1
E52,2019Q3,7442229.430000001,55,1,25,6730942.8,99,4,6,-711286.6300000008,***商贸有限公司,4,1
E52,2019Q4,3096936.61,111,0,40,4639304.000000001,54,1,3,1542367.390000001,***商贸有限公司,4,1
E52,2020Q1,737855.0,51,0,20,714008.45,9,0,2,-23846.550000000047,***商贸有限公司,4,1
E53,2017Q2,913180.0,13,0,4,1002706.24,19,0,4,89526.23999999999,***文化传媒有限公司,3,0
E53,2017Q3,1802250.0,36,0,10,1196620.0,17,1,10,-605630.0,***文化传媒有限公司,3,0
E53,2017Q4,4098431.2,154,0,10,5677660.0,64,0,9,1579228.7999999998,***文化传媒有限公司,3,0
E53,2018Q1,1323822.4,19,0,10,1556800.0,20,2,4,232977.6000000001,***文化传媒有限公司,3,0
E53,2018Q2,1225041.92,20,0,10,1416000.0,16,0,6,190958.08000000007,***文化传媒有限公司,3,0
E53,2018Q3,5504046.3,62,1,7,6090000.0,22,0,5,585953.7000000002,***文化传媒有限公司,3,0
E53,2018Q4,2165761.64,30,0,9,2192316.87,27,0,6,26555.22999999998,***文化传媒有限公司,3,0
E53,2019Q1,3163179.66,41,0,5,1792000.0,21,0,5,-1371179.6600000001,***文化传媒有限公司,3,0
E53,2019Q2,3554383.99,49,0,10,3740500.0,40,0,5,186116.00999999978,***文化传媒有限公司,3,0
E53,2019Q3,5504348.99,84,0,6,5739736.0,65,0,15,235387.00999999978,***文化传媒有限公司,3,0
E53,2019Q4,5688860.85,91,0,13,7722977.0,85,1,16,2034116.1500000004,***文化传媒有限公司,3,0
E54,2017Q1,337280.6,24,0,17,1693708.5,228,2,187,1356427.9,***新技术开发有限公司,1,0
E54,2017Q2,777154.2,31,0,13,2287585.0,290,0,240,1510430.8,***新技术开发有限公司,1,0
E54,2017Q3,933076.16,104,1,51,3136192.6399999997,229,1,158,2203116.4799999995,***新技术开发有限公司,1,0
E54,2017Q4,1062746.33,110,3,65,3408249.0,280,4,208,2345502.67,***新技术开发有限公司,1,0
E54,2018Q1,301632.81,89,0,48,3732416.0,208,0,132,3430783.19,***新技术开发有限公司,1,0
E54,2018Q2,495848.06999999995,135,0,76,2165250.0,302,7,223,1669401.9300000002,***新技术开发有限公司,1,0
E54,2018Q3,842905.6300000001,88,0,51,2300211.5,235,4,170,1457305.8699999999,***新技术开发有限公司,1,0
E54,2018Q4,735646.58,165,2,103,3251102.5999999996,316,5,216,2515456.0199999996,***新技术开发有限公司,1,0
E54,2019Q1,853487.73,156,2,81,2966029.5,200,0,134,2112541.77,***新技术开发有限公司,1,0
E54,2019Q2,343157.79,174,1,95,2540125.1800000006,286,4,201,2196967.3900000006,***新技术开发有限公司,1,0
E54,2019Q3,528920.26,191,2,91,4353999.66,271,5,188,3825079.4000000004,***新技术开发有限公司,1,0
E54,2019Q4,558230.03,192,2,85,3613492.94,310,3,205,3055262.91,***新技术开发有限公司,1,0
E54,2020Q1,393839.55000000005,96,7,36,2062615.2,60,2,38,1668775.65,***新技术开发有限公司,1,0
E55,2017Q1,171933.53,14,0,10,3149120.87,34,0,7,2977187.3400000003,***集团有限公司***电力设备分公司,3,0
E55,2017Q2,207116.28,14,1,8,4000.0,1,0,1,-203116.28,***集团有限公司***电力设备分公司,3,0
E55,2017Q3,26659.079999999998,16,0,9,3727448.84,113,37,2,3700789.76,***集团有限公司***电力设备分公司,3,0
E55,2017Q4,624373.8,15,0,9,601728.76,9,0,2,-22645.040000000037,***集团有限公司***电力设备分公司,3,0
E55,2018Q1,7360.46,28,0,4,15136.67,1,0,1,7776.21,***集团有限公司***电力设备分公司,3,0
E55,2018Q2,121768.04,14,2,7,587392.95,7,0,2,465624.91,***集团有限公司***电力设备分公司,3,0
E55,2018Q3,243332.19999999995,64,5,29,1824.37,1,0,1,-241507.82999999996,***集团有限公司***电力设备分公司,3,0
E55,2018Q4,1864178.2300000002,106,8,38,7789163.839999998,88,0,4,5924985.609999998,***集团有限公司***电力设备分公司,3,0
E55,2019Q1,1468400.4799999997,71,0,35,795091.56,9,0,2,-673308.9199999997,***集团有限公司***电力设备分公司,3,0
E55,2019Q2,581831.2200000001,132,5,47,434833.30000000016,53,19,6,-146997.91999999993,***集团有限公司***电力设备分公司,3,0
E55,2019Q3,1952506.0899999999,112,2,42,3985579.4700000007,75,14,4,2033073.3800000008,***集团有限公司***电力设备分公司,3,0
E55,2019Q4,2645773.5899999994,150,7,40,4503493.160000001,52,0,7,1857719.5700000017,***集团有限公司***电力设备分公司,3,0
E56,2017Q1,632325.5,13,0,11,193008.0,7,0,6,-439317.5,***家居材料***有限公司,3,0
E56,2017Q2,1069013.5,38,0,13,852351.0,22,0,6,-216662.5,***家居材料***有限公司,3,0
E56,2017Q3,1754614.01,100,0,18,1349854.0,31,0,10,-404760.01,***家居材料***有限公司,3,0
E56,2017Q4,2399942.34,90,2,20,1711209.77,30,0,12,-688732.5699999998,***家居材料***有限公司,3,0
E56,2018Q1,2017809.0,70,0,25,2036728.37,33,0,10,18919.37000000011,***家居材料***有限公司,3,0
E56,2018Q2,1265556.01,91,0,20,2008525.51,33,0,11,742969.5,***家居材料***有限公司,3,0
E56,2018Q3,998611.12,74,0,23,1946211.59,31,0,8,947600.4700000001,***家居材料***有限公司,3,0
E56,2018Q4,2271059.1,63,0,24,3396933.5300000003,46,1,8,1125874.4300000002,***家居材料***有限公司,3,0
E56,2019Q1,4035521.63,108,0,29,2607657.0799999996,40,1,15,-1427864.5500000003,***家居材料***有限公司,3,0
E56,2019Q2,1705173.21,177,2,31,2179785.32,36,3,12,474612.10999999987,***家居材料***有限公司,3,0
E56,2019Q3,4154062.45,104,0,40,4721257.15,63,1,15,567194.7000000002,***家居材料***有限公司,3,0
E56,2019Q4,5824212.669999999,181,3,54,5173379.08,63,2,15,-650833.5899999989,***家居材料***有限公司,3,0
E56,2020Q1,35814.81,43,0,21,1964951.64,23,0,8,1929136.8299999998,***家居材料***有限公司,3,0
E57,2016Q4,510.0,2,0,2,5740.0,1,0,1,5230.0,***机械设备有限公司,2,0
E57,2017Q1,660000.0,7,0,1,763500.0,8,0,2,103500.0,***机械设备有限公司,2,0
E57,2017Q2,21384.0,2,0,2,1693925.0,17,0,2,1672541.0,***机械设备有限公司,2,0
E57,2017Q3,251658.05,6,0,5,1467201.0,20,1,6,1215542.95,***机械设备有限公司,2,0
E57,2017Q4,1149080.0,6,0,4,1590500.0,18,0,4,441420.0,***机械设备有限公司,2,0
E57,2018Q1,2027265.96,6,0,5,1979705.0,23,0,7,-47560.95999999996,***机械设备有限公司,2,0
E57,2018Q2,2274035.06,15,0,8,4316605.0,44,0,6,2042569.94,***机械设备有限公司,2,0
E57,2018Q3,1988484.24,14,0,4,2955000.0,28,0,3,966515.76,***机械设备有限公司,2,0
E57,2018Q4,1012157.0,10,0,7,2145433.0,39,8,5,1133276.0,***机械设备有限公司,2,0
E57,2019Q1,2545070.08,11,0,5,3390000.0,32,0,1,844929.9199999999,***机械设备有限公司,2,0
E57,2019Q2,4170634.3000000003,4,0,2,3866375.8600000003,37,0,4,-304258.43999999994,***机械设备有限公司,2,0
E57,2019Q3,2297452.33,5,0,3,3368300.0,32,0,2,1070847.67,***机械设备有限公司,2,0
E57,2019Q4,13425739.530000001,34,0,18,9245680.0,87,0,3,-4180059.530000001,***机械设备有限公司,2,0
E58,2017Q3,22355.6,23,0,10,1010420.64,15,1,5,988065.04,***油气工程建设有限责任公司,2,0
E58,2017Q4,988145.75,105,0,48,2910036.2500000005,35,0,7,1921890.5000000005,***油气工程建设有限责任公司,2,0
E58,2018Q1,177364.34,115,0,65,383627.3300000001,7,1,3,206262.99000000008,***油气工程建设有限责任公司,2,0
E58,2018Q2,31323.51,126,2,61,2506429.0,32,0,6,2475105.49,***油气工程建设有限责任公司,2,0
E58,2018Q3,1069376.4100000001,108,3,52,1615216.2,24,3,3,545839.7899999998,***油气工程建设有限责任公司,2,0
E58,2018Q4,1294219.57,179,0,83,4020700.22,45,0,4,2726480.6500000004,***油气工程建设有限责任公司,2,0
E58,2019Q1,74443.37,174,2,64,67680.0,1,0,1,-6763.369999999995,***油气工程建设有限责任公司,2,0
E58,2019Q2,435437.53,220,2,94,2413686.99,27,0,3,1978249.4600000002,***油气工程建设有限责任公司,2,0
E58,2019Q3,2973317.990000001,211,0,87,6265387.96,69,1,6,3292069.969999999,***油气工程建设有限责任公司,2,0
E58,2019Q4,43790.170000000006,51,0,30,2900622.9200000004,29,0,3,2856832.7500000005,***油气工程建设有限责任公司,2,0
E59,2017Q1,1079085.2200000002,16,0,8,1709861.28,159,0,26,630776.0599999998,***商贸有限公司,1,0
E59,2017Q2,1544836.2600000002,24,0,13,1829030.7899999993,173,2,26,284194.5299999991,***商贸有限公司,1,0
E59,2017Q3,1752884.4000000001,53,0,23,1880229.8300000026,177,0,28,127345.4300000025,***商贸有限公司,1,0
E59,2017Q4,1237792.9100000001,34,0,21,1667858.4400000002,164,0,35,430065.53,***商贸有限公司,1,0
E59,2018Q1,1921783.93,50,0,14,2256129.340000001,212,0,30,334345.41000000085,***商贸有限公司,1,0
E59,2018Q2,2521228.6599999997,50,0,18,4478795.210000006,413,0,43,1957566.5500000059,***商贸有限公司,1,0
E59,2018Q3,2139956.6399999997,48,0,15,2582232.300000003,251,0,47,442275.6600000034,***商贸有限公司,1,0
E59,2018Q4,3020935.5399999996,43,0,13,4440853.710000002,357,0,55,1419918.1700000023,***商贸有限公司,1,0
E59,2019Q1,2620434.670000001,72,0,18,4359227.91,58,0,31,1738793.2399999993,***商贸有限公司,1,0
E59,2019Q2,1545224.5700000003,46,0,12,2508729.8700000006,38,0,21,963505.3000000003,***商贸有限公司,1,0
E59,2019Q3,575573.37,55,0,12,1389883.6599999997,27,0,19,814310.2899999997,***商贸有限公司,1,0
E59,2019Q4,830474.6900000001,29,0,9,1112562.6199999999,26,0,21,282087.9299999998,***商贸有限公司,1,0
E59,2020Q1,395715.5,12,0,6,717494.2000000001,12,0,9,321778.70000000007,***商贸有限公司,1,0
E6,2016Q4,2182269.36,82,0,27,4981293.65,14,0,12,2799024.2900000005,***装饰设计工程有限公司,1,0
E6,2017Q1,4990020.62,151,0,53,21919725.520000003,53,0,32,16929704.900000002,***装饰设计工程有限公司,1,0
E6,2017Q2,12989308.7,290,0,113,13808286.279999997,45,1,25,818977.5799999982,***装饰设计工程有限公司,1,0
E6,2017Q3,9163373.640000002,842,5,302,16823009.240000002,60,3,25,7659635.6,***装饰设计工程有限公司,1,0
E6,2017Q4,18689420.740000002,636,0,223,19044377.94,59,1,25,354957.19999999925,***装饰设计工程有限公司,1,0
E6,2018Q1,37795594.720000006,1178,4,297,35060097.93,60,0,24,-2735496.7900000066,***装饰设计工程有限公司,1,0
E6,2018Q2,25967088.039999995,1163,7,247,29115292.029999997,76,4,25,3148203.990000002,***装饰设计工程有限公司,1,0
E6,2018Q3,45370869.01000003,1273,12,246,59858652.60000001,112,2,27,14487783.589999981,***装饰设计工程有限公司,1,0
E6,2018Q4,30874020.560000006,1048,16,224,39675123.529999994,93,1,40,8801102.969999988,***装饰设计工程有限公司,1,0
E6,2019Q1,32612251.33,1069,9,262,27048084.080000002,63,0,25,-5564167.249999996,***装饰设计工程有限公司,1,0
E6,2019Q2,36217229.53,1374,9,360,36896133.14,92,6,31,678903.6099999994,***装饰设计工程有限公司,1,0
E6,2019Q3,24623563.180000003,895,14,236,43113733.33999998,90,3,41,18490170.159999978,***装饰设计工程有限公司,1,0
E6,2019Q4,39703554.06999998,813,2,238,48553628.959999986,96,2,31,8850074.890000008,***装饰设计工程有限公司,1,0
E60,2017Q4,348823.0,34,0,22,491458.0,50,0,2,142635.0,***机械租赁有限公司,2,0
E60,2018Q1,680188.6799999999,56,0,36,29000.0,3,0,1,-651188.6799999999,***机械租赁有限公司,2,0
E60,2018Q2,2613545.1,101,0,44,27808.0,3,0,1,-2585737.1,***机械租赁有限公司,2,0
E60,2018Q3,949638.3900000001,128,0,35,2456760.0,136,0,2,1507121.6099999999,***机械租赁有限公司,2,0
E60,2018Q4,121340.89,35,0,16,898615.0,21,0,3,777274.11,***机械租赁有限公司,2,0
E60,2019Q1,56660.799999999996,35,0,11,943505.0,65,0,3,886844.2,***机械租赁有限公司,2,0
E60,2019Q2,102752.0,25,0,8,492823.0,7,0,2,390071.0,***机械租赁有限公司,2,0
E60,2019Q3,426303.08,81,0,20,1042689.0,57,1,3,616385.9199999999,***机械租赁有限公司,2,0
E60,2019Q4,74997.63,31,0,11,1197208.0,74,0,4,1122210.37,***机械租赁有限公司,2,0
E60,2020Q1,1173.0,4,0,1,629079.0,8,0,2,627906.0,***机械租赁有限公司,2,0
E61,2017Q1,49862.689999999995,6,0,3,1409032.0,138,0,19,1359169.31,***调味品有限公司,2,0
E61,2017Q2,75527.26000000001,9,0,5,1306772.0,130,0,16,1231244.74,***调味品有限公司,2,0
E61,2017Q3,122792.8,15,0,9,1774334.8,172,0,18,1651542.0,***调味品有限公司,2,0
E61,2017Q4,49023.01,11,0,9,2188483.9999999995,217,0,22,2139460.9899999998,***调味品有限公司,2,0
E61,2018Q1,78619.62,9,0,6,1601210.0,160,0,10,1522590.38,***调味品有限公司,2,0
E61,2018Q2,42825.04,8,0,6,1072503.0,191,40,10,1029677.96,***调味品有限公司,2,0
E61,2018Q3,167906.44,18,0,10,2204684.0,221,0,12,2036777.56,***调味品有限公司,2,0
E61,2018Q4,-8734.819999999994,19,2,7,1850040.0,183,0,11,1858774.82,***调味品有限公司,2,0
E61,2019Q1,127464.42,34,0,15,1620330.0,164,0,9,1492865.58,***调味品有限公司,2,0
E61,2019Q2,23923.930000000004,25,0,10,462331.0,52,0,8,438407.07,***调味品有限公司,2,0
E61,2019Q3,40712.61,18,0,12,1337238.0,136,0,10,1296525.39,***调味品有限公司,2,0
E61,2019Q4,106099.57999999999,30,0,18,1570480.0,161,0,6,1464380.42,***调味品有限公司,2,0
E61,2020Q1,56008.6,7,0,7,290365.0,30,0,4,234356.4,***调味品有限公司,2,0
E62,2017Q1,2998.0,2,0,1,1136922.84,15,0,6,1133924.84,***工程造价咨询有限公司***分公司,2,0
E62,2017Q2,62462.94,8,0,5,924613.74,22,1,11,862150.8,***工程造价咨询有限公司***分公司,2,0
E62,2017Q3,23529.7,37,0,24,394746.44,15,5,7,371216.74,***工程造价咨询有限公司***分公司,2,0
E62,2017Q4,50563.68000000001,52,0,29,1589989.0,27,2,9,1539425.32,***工程造价咨询有限公司***分公司,2,0
E62,2018Q1,240549.63,72,0,44,1099243.02,19,2,3,858693.39,***工程造价咨询有限公司***分公司,2,0
E62,2018Q2,38538.43,51,0,23,484768.26,7,0,2,446229.83,***工程造价咨询有限公司***分公司,2,0
E62,2018Q3,79967.22,55,0,26,656403.27,10,0,2,576436.05,***工程造价咨询有限公司***分公司,2,0
E62,2018Q4,39971.8,48,0,18,1130552.7,15,0,3,1090580.9,***工程造价咨询有限公司***分公司,2,0
E62,2019Q1,61991.91,52,0,24,875948.1699999999,11,0,3,813956.2599999999,***工程造价咨询有限公司***分公司,2,0
E62,2019Q2,128829.65000000001,54,0,32,1185441.48,16,0,3,1056611.83,***工程造价咨询有限公司***分公司,2,0
E62,2019Q3,175439.59,47,0,27,131329.46000000002,14,6,3,-44110.129999999976,***工程造价咨询有限公司***分公司,2,0
E62,2019Q4,328194.9,43,0,19,1018373.6,11,0,2,690178.7,***工程造价咨询有限公司***分公司,2,0
E62,2020Q1,5833.53,6,0,6,-568219.84,9,7,2,-574053.37,***工程造价咨询有限公司***分公司,2,0
E63,2017Q1,382045.66000000003,32,1,14,3608278.9999999995,50,0,14,3226233.3399999994,***科技有限公司,2,0
E63,2017Q2,5958163.479999999,99,0,22,4994770.0,63,0,16,-963393.4799999986,***科技有限公司,2,0
E63,2017Q3,11061271.390000002,232,0,64,11341099.5,131,0,18,279828.10999999754,***科技有限公司,2,0
E63,2017Q4,7556124.6,185,0,44,16937846.360000003,176,3,24,9381721.760000004,***科技有限公司,2,0
E63,2018Q1,4843140.45,261,0,88,6874525.0,72,0,11,2031384.5499999998,***科技有限公司,2,0
E63,2018Q2,6178286.51,303,2,78,4226032.0,49,0,8,-1952254.5099999998,***科技有限公司,2,0
E63,2018Q3,3510537.76,132,0,45,3858685.1500000004,44,0,12,348147.3900000006,***科技有限公司,2,0
E63,2018Q4,916075.3499999997,79,3,31,2497005.4299999997,33,0,8,1580930.08,***科技有限公司,2,0
E63,2019Q2,80528.63999999998,54,0,33,640000.0,7,0,2,559471.36,***科技有限公司,2,0
E64,2017Q2,330.0,1,0,1,823474.8399999999,128,0,33,823144.8399999999,***图书有限责任公司,1,0
E64,2017Q4,22075.0,5,0,3,1214407.52,149,0,22,1192332.52,***图书有限责任公司,1,0
E64,2018Q2,590.0,3,0,3,926773.12,118,0,22,926183.12,***图书有限责任公司,1,0
E64,2018Q3,1420.0,4,0,4,952616.0100000001,133,0,24,951196.0100000001,***图书有限责任公司,1,0
E64,2018Q4,1456.0,3,0,3,1156908.25,156,0,24,1155452.25,***图书有限责任公司,1,0
E64,2019Q1,1656.0,2,0,2,563992.12,73,0,17,562336.12,***图书有限责任公司,1,0
E64,2019Q2,27738.0,5,0,5,893938.41,107,0,20,866200.41,***图书有限责任公司,1,0
E64,2019Q4,4083.0,2,0,2,1247800.79,155,0,29,1243717.79,***图书有限责任公司,1,0
E64,2020Q1,4327.05,3,0,3,68013.09,10,0,2,63686.03999999999,***图书有限责任公司,1,0
E65,2017Q2,654873.5200000001,18,0,4,510616.26,22,0,8,-144257.26000000013,***商贸有限公司,2,0
E65,2017Q3,200132.8,7,0,3,451654.25000000006,33,1,11,251521.45000000007,***商贸有限公司,2,0
E65,2017Q4,414198.24000000005,9,0,5,669484.34,36,0,16,255286.09999999992,***商贸有限公司,2,0
E65,2018Q1,574869.5,21,0,10,1217525.9999999998,35,0,12,642656.4999999998,***商贸有限公司,2,0
E65,2018Q2,697064.04,81,0,11,448410.94999999995,26,0,7,-248653.09000000008,***商贸有限公司,2,0
E65,2018Q3,278689.2,92,0,5,642106.5299999999,39,0,14,363417.3299999999,***商贸有限公司,2,0
E65,2018Q4,45624.8,74,0,11,698646.74,36,0,9,653021.94,***商贸有限公司,2,0
E65,2019Q1,345884.92,77,0,17,810349.68,40,0,12,464464.76000000007,***商贸有限公司,2,0
E65,2019Q2,829973.38,82,0,14,600893.06,42,3,13,-229080.31999999995,***商贸有限公司,2,0
E65,2019Q3,615784.0,61,0,12,886162.7700000001,49,0,16,270378.77000000014,***商贸有限公司,2,0
E65,2019Q4,176095.49,47,0,9,849550.7799999998,54,1,20,673455.2899999998,***商贸有限公司,2,0
E65,2020Q1,6376.0,10,0,5,375155.34,42,2,21,368779.34,***商贸有限公司,2,0
E66,2017Q4,1860.0,6,0,4,16984.0,21,0,5,15124.0,***快递有限公司,2,0
E66,2018Q1,241744.87,93,0,8,47299.18,24,0,11,-194445.69,***快递有限公司,2,0
E66,2018Q2,431540.31,98,0,8,69934.72,30,0,15,-361605.58999999997,***快递有限公司,2,0
E66,2018Q3,1054827.18,79,0,12,112795.45,54,0,35,-942031.73,***快递有限公司,2,0
E66,2018Q4,811722.0,51,0,9,142961.1,56,1,31,-668760.9,***快递有限公司,2,0
E66,2019Q1,668730.0700000001,45,0,9,159918.42,61,0,41,-508811.65,***快递有限公司,2,0
E66,2019Q2,732912.42,43,1,9,1463311.9100000001,114,2,54,730399.4900000001,***快递有限公司,2,0
E66,2019Q3,602545.1900000001,68,0,9,1144268.79,113,2,50,541723.6,***快递有限公司,2,0
E66,2019Q4,517281.82000000007,64,0,7,1422670.22,115,1,52,905388.3999999999,***快递有限公司,2,0
E66,2020Q1,309126.64999999997,14,0,6,449789.71,40,0,32,140663.06000000006,***快递有限公司,2,0
E67,2017Q1,1400.0,4,0,1,86800.0,9,0,1,85400.0,***信息技术有限公司,2,0
E67,2017Q2,24860.0,10,0,4,87706.0,10,0,2,62846.0,***信息技术有限公司,2,0
E67,2017Q3,26459.55,21,0,15,286506.0,29,0,1,260046.45,***信息技术有限公司,2,0
E67,2017Q4,10245.9,19,0,12,156510.0,18,0,4,146264.1,***信息技术有限公司,2,0
E67,2018Q1,17628.33,18,0,14,168390.0,19,0,5,150761.66999999998,***信息技术有限公司,2,0
E67,2018Q2,36933.079999999994,41,0,18,34794.0,6,0,3,-2139.0799999999945,***信息技术有限公司,2,0
E67,2018Q3,21508.65,44,0,17,470660.0,12,0,4,449151.35,***信息技术有限公司,2,0
E67,2018Q4,115277.65999999999,63,1,35,690466.0,17,2,6,575188.34,***信息技术有限公司,2,0
E67,2019Q1,49339.700000000004,77,0,42,230010.0,6,0,3,180670.3,***信息技术有限公司,2,0
E67,2019Q2,124240.66,60,0,34,539956.0,14,0,5,415715.33999999997,***信息技术有限公司,2,0
E67,2019Q3,755991.1699999998,163,1,64,1350882.0,28,1,6,594890.8300000002,***信息技术有限公司,2,0
E67,2019Q4,88562.75000000001,68,0,45,1688730.0,24,0,7,1600167.25,***信息技术有限公司,2,0
E68,2018Q2,460.0,2,0,2,294637.0,4,0,3,294177.0,***花木总公司,3,0
E68,2019Q2,280.0,1,0,1,298250.0,3,0,1,297970.0,***花木总公司,3,0
E69,2018Q4,3250.0,1,0,1,199086.97,28,0,7,195836.97,***电子器材经营部,3,0
E7,2017Q1,4601670.66,309,5,114,85805272.19000001,900,184,296,81203601.53000002,***家电有限公司***分公司,1,0
E7,2017Q2,3910693.2600000002,328,2,134,48364488.20000002,774,134,270,44453794.94000002,***家电有限公司***分公司,1,0
E7,2017Q3,5416379.570000001,957,27,300,80445796.51,738,124,244,75029416.94,***家电有限公司***分公司,1,0
E7,2017Q4,7067722.599999998,1073,42,355,86679010.97999997,817,154,266,79611288.37999998,***家电有限公司***分公司,1,0
E7,2018Q1,4904869.7299999995,1123,14,363,50289016.70000001,731,176,255,45384146.97000001,***家电有限公司***分公司,1,0
E7,2018Q2,4450406.300000001,1239,32,376,32481541.860000003,616,164,181,28031135.560000002,***家电有限公司***分公司,1,0
E7,2018Q3,3898839.7200000016,1278,35,348,51053532.44,644,161,178,47154692.72,***家电有限公司***分公司,1,0
E7,2018Q4,4734503.039999998,1354,46,350,59498065.06999999,716,176,217,54763562.029999994,***家电有限公司***分公司,1,0
E7,2019Q1,4784800.2299999995,1318,48,350,40287430.89,579,157,165,35502630.660000004,***家电有限公司***分公司,1,0
E7,2019Q2,3027215.250000001,1210,70,300,17360096.82,568,169,148,14332881.57,***家电有限公司***分公司,1,0
E7,2019Q3,2658624.87,1304,60,315,27560372.2,517,125,137,24901747.33,***家电有限公司***分公司,1,0
E7,2019Q4,12589262.81,1054,42,256,15683865.25,400,156,107,3094602.4399999995,***家电有限公司***分公司,1,0
E7,2020Q1,1446954.02,96,27,24,722207.65,32,19,6,-724746.37,***家电有限公司***分公司,1,0
E70,2017Q1,144267.0,14,0,9,143850.0,12,1,7,-417.0,***科技有限公司,2,0
E70,2017Q2,381903.5,40,0,19,705565.0,24,0,15,323661.5,***科技有限公司,2,0
E70,2017Q3,167510.52,46,0,19,311431.5,15,0,11,143920.98,***科技有限公司,2,0
E70,2017Q4,586447.8799999998,184,0,30,2646041.8499999996,84,1,13,2059593.9699999997,***科技有限公司,2,0
E70,2018Q1,211954.96999999994,136,0,31,433148.57,16,0,11,221193.60000000006,***科技有限公司,2,0
E70,2018Q2,210796.56999999992,126,1,22,617055.01,41,1,8,406258.44000000006,***科技有限公司,2,0
E70,2018Q3,721380.9400000001,167,0,36,1620425.9,38,2,13,899044.9599999998,***科技有限公司,2,0
E70,2018Q4,1102784.2299999997,183,1,42,1303048.16,52,1,10,200263.93000000017,***科技有限公司,2,0
E70,2019Q1,299947.99999999994,151,0,40,485937.5,20,1,12,185989.50000000006,***科技有限公司,2,0
E70,2019Q2,506373.47999999963,224,1,39,607312.5800000001,40,3,6,100939.10000000044,***科技有限公司,2,0
E70,2019Q3,325857.68000000005,201,0,34,339566.2,30,0,11,13708.51999999996,***科技有限公司,2,0
E70,2019Q4,1363606.7900000003,259,2,47,1246409.21,82,3,6,-117197.58000000031,***科技有限公司,2,0
E70,2020Q1,66510.38000000002,56,1,13,222247.0,15,1,6,155736.62,***科技有限公司,2,0
E71,2017Q1,35890.0,3,0,2,123150.0,4,0,4,87260.0,***农业科技有限公司,2,0
E71,2017Q2,230329.9,26,6,12,15640.0,2,0,2,-214689.9,***农业科技有限公司,2,0
E71,2017Q3,5033463.440000001,190,1,68,2592195.67,86,1,84,-2441267.7700000014,***农业科技有限公司,2,0
E71,2017Q4,2334087.9499999997,163,6,47,248817.6,6,0,4,-2085270.3499999996,***农业科技有限公司,2,0
E71,2018Q1,665825.9700000001,140,0,56,3650800.0,37,0,1,2984974.03,***农业科技有限公司,2,0
E71,2018Q2,129417.64,131,0,55,1117244.5999999999,27,0,26,987826.9599999998,***农业科技有限公司,2,0
E71,2018Q3,547338.07,117,0,57,2351870.5500000007,127,0,126,1804532.480000001,***农业科技有限公司,2,0
E71,2019Q1,488290.44,92,1,43,142625.0,2,0,1,-345665.44,***农业科技有限公司,2,0
E71,2019Q3,143001.43,128,0,60,1964469.2,65,0,62,1821467.77,***农业科技有限公司,2,0
E71,2019Q4,4280.0,3,0,3,20497.0,3,0,1,16217.0,***农业科技有限公司,2,0
E72,2017Q2,330.0,1,0,1,37800.0,41,0,2,37470.0,***图书有限公司,3,0
E72,2017Q4,157648.0,3,0,3,9600.0,11,0,1,-148048.0,***图书有限公司,3,0
E72,2018Q1,5632.37,13,1,9,320193.38,33,0,2,314561.01,***图书有限公司,3,0
E72,2018Q2,3463.0,12,0,11,102258.92,10,0,1,98795.92,***图书有限公司,3,0
E72,2018Q3,342239.0,12,1,7,1074334.65,27,0,4,732095.6499999999,***图书有限公司,3,0
E72,2018Q4,300957.55999999994,15,0,8,546533.23,6,0,1,245575.67000000004,***图书有限公司,3,0
E72,2019Q1,8558.01,10,0,7,342683.58999999997,15,0,3,334125.57999999996,***图书有限公司,3,0
E72,2019Q2,383915.3,11,0,10,219923.1,3,0,3,-163992.19999999998,***图书有限公司,3,0
E72,2019Q3,4263.56,9,0,7,911002.77,20,0,9,906739.21,***图书有限公司,3,0
E72,2019Q4,152783.0,8,0,7,418748.9,5,0,5,265965.9,***图书有限公司,3,0
E72,2020Q1,180914.97,6,0,5,457935.21,5,0,5,277020.24,***图书有限公司,3,0
E73,2017Q1,70749.0,10,0,4,1009474.0,33,3,10,938725.0,***商贸有限责任公司,3,0
E73,2017Q2,61297.8,17,0,9,607028.0,14,0,6,545730.2,***商贸有限责任公司,3,0
E73,2017Q3,28535.6,35,0,21,741009.0,16,0,8,712473.4,***商贸有限责任公司,3,0
E73,2017Q4,68268.0,40,0,24,995360.0,20,0,9,927092.0,***商贸有限责任公司,3,0
E73,2018Q1,85862.85,57,1,27,694634.0,17,0,9,608771.15,***商贸有限责任公司,3,0
E73,2018Q2,104577.01,80,1,30,483882.16000000003,14,0,7,379305.15,***商贸有限责任公司,3,0
E73,2018Q3,86028.86,53,0,26,380131.6,17,2,10,294102.74,***商贸有限责任公司,3,0
E73,2018Q4,104206.93000000001,53,0,26,456054.0,10,0,7,351847.07,***商贸有限责任公司,3,0
E73,2019Q1,62138.75,55,0,23,690360.0,21,0,11,628221.25,***商贸有限责任公司,3,0
E73,2019Q2,69067.93,79,0,27,285756.57999999996,12,0,6,216688.64999999997,***商贸有限责任公司,3,0
E73,2019Q3,42089.86,38,0,13,330081.4,21,0,13,287991.54000000004,***商贸有限责任公司,3,0
E73,2019Q4,42652.95,60,0,12,423340.44,26,1,14,380687.49,***商贸有限责任公司,3,0
E73,2020Q1,30480.0,23,0,12,32904.0,2,0,2,2424.0,***商贸有限责任公司,3,0
E74,2018Q2,280.0,1,0,1,367723.89999999997,76,14,7,367443.89999999997,***蔬菜专业合作社,2,0
E74,2018Q4,608.0,1,0,1,291716.5,34,0,6,291108.5,***蔬菜专业合作社,2,0
E74,2019Q2,80500.0,10,0,3,529477.6499999999,62,0,9,448977.6499999999,***蔬菜专业合作社,2,0
E74,2019Q3,65300.0,2,0,1,455795.4,56,0,7,390495.4,***蔬菜专业合作社,2,0
E74,2019Q4,190400.0,4,0,2,546132.1,63,0,6,355732.1,***蔬菜专业合作社,2,0
E75,2017Q2,122276.2,5,0,4,758098.0,799,0,767,635821.8,***酒店管理有限公司,3,0
E75,2017Q3,228666.75,24,0,9,713776.0,906,5,880,485109.25,***酒店管理有限公司,3,0
E75,2017Q4,284789.55,24,1,11,519923.0,808,0,775,235133.45,***酒店管理有限公司,3,0
E75,2018Q1,215851.07,21,0,13,539927.0,601,0,553,324075.93,***酒店管理有限公司,3,0
E75,2018Q2,159732.09999999998,20,0,12,576145.0,622,3,573,416412.9,***酒店管理有限公司,3,0
E75,2018Q3,241356.28999999998,46,0,11,390260.0,538,1,513,148903.71000000002,***酒店管理有限公司,3,0
E75,2018Q4,168741.13999999998,31,0,8,482074.0,554,1,503,313332.86,***酒店管理有限公司,3,0
E75,2019Q1,551829.1100000001,42,0,14,494826.0,516,0,480,-57003.1100000001,***酒店管理有限公司,3,0
E75,2019Q2,340355.24,68,0,16,529524.0,547,0,502,189168.76,***酒店管理有限公司,3,0
E75,2019Q3,209711.24000000002,184,0,10,365507.1,690,0,619,155795.85999999996,***酒店管理有限公司,3,0
E75,2019Q4,137661.59999999998,53,1,8,329679.45999999996,585,0,515,192017.86,***酒店管理有限公司,3,0
E75,2020Q1,60453.96,20,0,8,78385.0,90,2,81,17931.04,***酒店管理有限公司,3,0
E76,2017Q1,510.0,2,0,2,78500.0,7,0,6,77990.0,***信息科技有限公司,2,0
E76,2017Q2,275930.0,18,0,3,450600.0,15,0,9,174670.0,***信息科技有限公司,2,0
E76,2017Q3,78753.91,27,0,16,454400.0,20,1,9,375646.08999999997,***信息科技有限公司,2,0
E76,2017Q4,174316.41999999998,26,0,19,108500.0,6,0,5,-65816.41999999998,***信息科技有限公司,2,0
E76,2018Q1,13920.439999999999,19,0,11,260300.0,8,0,5,246379.56,***信息科技有限公司,2,0
E76,2018Q2,53935.72,32,0,20,414900.0,16,0,9,360964.28,***信息科技有限公司,2,0
E76,2018Q3,112985.17,52,0,23,468718.2,43,0,36,355733.03,***信息科技有限公司,2,0
E76,2018Q4,30913.329999999994,68,1,26,279994.4,28,0,19,249081.07000000004,***信息科技有限公司,2,0
E76,2019Q1,72922.38,22,0,16,464275.0,13,0,10,391352.62,***信息科技有限公司,2,0
E76,2019Q2,21690.9,15,0,12,303300.0,33,0,11,281609.1,***信息科技有限公司,2,0
E76,2019Q3,51244.88,33,0,16,564860.2,13,0,7,513615.31999999995,***信息科技有限公司,2,0
E76,2019Q4,39726.46,30,1,20,443650.0,19,0,8,403923.54,***信息科技有限公司,2,0
E76,2020Q1,2467.0,2,0,2,5000.0,2,0,2,2533.0,***信息科技有限公司,2,0
E77,2017Q1,211830.0,4,0,2,294450.0,30,0,1,82620.0,***机电设备有限公司,3,0
E77,2017Q2,40500.0,1,0,1,1001130.0,106,2,1,960630.0,***机电设备有限公司,3,0
E77,2017Q4,100000.0,1,0,1,282222.3,29,0,2,182222.3,***机电设备有限公司,3,0
E77,2018Q1,2774.0,3,0,2,147225.0,19,2,1,144451.0,***机电设备有限公司,3,0
E77,2018Q4,148436.0,22,0,8,760129.55,8,0,1,611693.55,***机电设备有限公司,3,0
E77,2019Q2,84881.0,7,0,4,802563.44,10,0,1,717682.44,***机电设备有限公司,3,0
E78,2017Q1,551238.73,4,0,1,1212395.73,29,0,12,661157.0,个体经营E78,3,0
E78,2017Q2,642538.89,5,0,2,1759702.8099999998,44,0,16,1117163.92,个体经营E78,3,0
E78,2017Q3,534829.94,5,0,2,996880.72,26,0,11,462050.78,个体经营E78,3,0
E78,2017Q4,603611.12,8,0,5,1823356.04,36,0,12,1219744.92,个体经营E78,3,0
E78,2018Q1,167966.25999999998,4,0,4,1036405.0,24,0,6,868438.74,个体经营E78,3,0
E78,2018Q2,465050.27999999997,10,0,4,1180856.0,30,0,6,715805.72,个体经营E78,3,0
E78,2018Q3,381265.78,7,0,5,486882.0,20,0,8,105616.21999999997,个体经营E78,3,0
E78,2018Q4,231498.0,4,0,2,713026.0,22,0,6,481528.0,个体经营E78,3,0
E78,2019Q1,36021.91,1,0,1,517972.8,12,0,3,481950.89,个体经营E78,3,0
E78,2019Q2,134947.71000000002,4,0,2,252626.0,3,0,1,117678.28999999998,个体经营E78,3,0
E79,2017Q1,185446.19,3,0,1,20000.0,1,0,1,-165446.19,***鞋业有限公司,2,0
E79,2017Q3,225022.11000000002,5,0,2,230876.0,11,0,3,5853.889999999985,***鞋业有限公司,2,0
E79,2017Q4,642159.78,21,0,14,549684.0,6,0,2,-92475.78000000003,***鞋业有限公司,2,0
E79,2018Q1,241772.22999999998,8,0,6,85000.0,1,0,1,-156772.22999999998,***鞋业有限公司,2,0
E79,2018Q2,331642.33,8,0,6,184663.5,6,0,1,-146978.83000000002,***鞋业有限公司,2,0
E79,2018Q3,306139.20999999996,18,0,11,412720.0,9,0,6,106580.79000000004,***鞋业有限公司,2,0
E79,2018Q4,319982.27999999997,19,0,13,545400.0,9,0,2,225417.72000000003,***鞋业有限公司,2,0
E79,2019Q1,196239.51,15,0,11,342767.0,5,0,2,146527.49,***鞋业有限公司,2,0
E79,2019Q2,148853.21000000002,8,0,4,268150.58999999997,9,0,3,119297.37999999995,***鞋业有限公司,2,0
E79,2019Q3,172354.95,16,0,11,360774.0,9,0,5,188419.05,***鞋业有限公司,2,0
E79,2019Q4,157686.23,18,0,9,327451.0,5,0,2,169764.77,***鞋业有限公司,2,0
E79,2020Q1,116944.35999999999,8,0,6,169933.0,3,0,2,52988.640000000014,***鞋业有限公司,2,0
E8,2017Q1,4864012.889999999,146,1,58,20496018.6,508,17,333,15632005.710000003,***科学研究院有限公司,1,0
E8,2017Q2,15119478.279999996,475,0,182,21110561.220000003,601,16,382,5991082.940000007,***科学研究院有限公司,1,0
E8,2017Q3,14193297.299999999,1860,8,548,22798174.46,620,14,377,8604877.160000002,***科学研究院有限公司,1,0
E8,2017Q4,11634575.089999998,1703,3,545,38840636.089999996,810,13,410,27206061.0,***科学研究院有限公司,1,0
E8,2018Q1,19746526.04999999,1755,2,520,20556078.339999996,497,16,296,809552.2900000066,***科学研究院有限公司,1,0
E8,2018Q2,10599437.799999997,1798,3,474,26069899.169999998,598,14,341,15470461.370000001,***科学研究院有限公司,1,0
E8,2018Q3,13544710.48,2140,5,523,46700661.42,918,41,395,33155950.94,***科学研究院有限公司,1,0
E8,2018Q4,18965694.070000004,2154,2,502,44130515.660000004,901,18,448,25164821.59,***科学研究院有限公司,1,0
E8,2019Q1,13509742.389999984,1838,9,431,21275358.310000002,511,20,274,7765615.920000019,***科学研究院有限公司,1,0
E8,2019Q2,13228792.689999998,2256,14,520,27764629.249999996,623,25,332,14535836.559999999,***科学研究院有限公司,1,0
E8,2019Q3,13426682.32,2501,10,521,29991618.200000003,632,16,346,16564935.880000003,***科学研究院有限公司,1,0
E8,2019Q4,15821691.730000006,2453,15,539,45146495.230000004,861,22,394,29324803.5,***科学研究院有限公司,1,0
E8,2020Q1,5764052.8500000015,698,5,197,15913241.719999999,279,13,136,10149188.869999997,***科学研究院有限公司,1,0
E80,2017Q2,57352.25,3,0,2,55000.0,1,0,1,-2352.25,***实业有限责任公司,3,0
E80,2018Q1,576141.28,16,0,12,428126.0,5,0,5,-148015.28000000003,***实业有限责任公司,3,0
E80,2019Q2,11826.609999999999,46,0,23,1309544.5999999999,14,0,14,1297717.9899999998,***实业有限责任公司,3,0
E80,2019Q3,17107.26,32,0,13,160455.4,2,0,2,143348.13999999998,***实业有限责任公司,3,0
E80,2019Q4,17934.059999999998,35,0,14,1465476.2199999997,18,0,10,1447542.1599999997,***实业有限责任公司,3,0
E80,2020Q1,7629.7,12,0,5,303975.63,4,0,4,296345.93,***实业有限责任公司,3,0
E81,2017Q1,135067.3,10,0,7,178439.42,29,0,17,43372.120000000024,***机械设备有限公司,1,0
E81,2017Q2,124218.0,11,0,9,232750.7,37,0,21,108532.70000000001,***机械设备有限公司,1,0
E81,2017Q3,156289.25,14,0,12,250093.34,35,0,13,93804.09,***机械设备有限公司,1,0
E81,2017Q4,329785.5,20,0,16,459564.7,66,0,20,129779.20000000001,***机械设备有限公司,1,0
E81,2018Q1,138215.0,11,0,10,375968.1,53,0,27,237753.09999999998,***机械设备有限公司,1,0
E81,2018Q2,179639.57,21,1,15,289355.42,41,0,21,109715.84999999998,***机械设备有限公司,1,0
E81,2018Q3,158118.5,17,0,12,360831.72000000003,63,1,31,202713.22000000003,***机械设备有限公司,1,0
E81,2018Q4,270989.5,17,0,12,400978.89999999997,64,0,32,129989.39999999997,***机械设备有限公司,1,0
E81,2019Q1,122487.0,15,0,12,392312.61,66,1,31,269825.61,***机械设备有限公司,1,0
E81,2019Q2,143823.91,22,1,14,282550.6,49,0,24,138726.68999999997,***机械设备有限公司,1,0
E81,2019Q3,252359.0,12,0,10,391244.91,56,0,30,138885.90999999997,***机械设备有限公司,1,0
E81,2019Q4,238432.0,34,1,15,262902.74,42,0,25,24470.73999999999,***机械设备有限公司,1,0
E81,2020Q1,6000.0,1,0,1,33193.0,8,1,6,27193.0,***机械设备有限公司,1,0
E82,2017Q1,151640.05,11,0,11,296126.72000000003,28,0,1,144486.67000000004,***商贸有限公司,4,1
E82,2017Q2,29777.6,3,0,3,79265.0,8,0,2,49487.4,***商贸有限公司,4,1
E82,2017Q3,96274.65,14,0,8,173610.54,19,0,1,77335.89000000001,***商贸有限公司,4,1
E82,2017Q4,198772.6,18,0,12,287447.65,27,0,1,88675.05000000002,***商贸有限公司,4,1
E82,2018Q1,74791.97,15,0,12,176289.2,16,0,1,101497.23000000001,***商贸有限公司,4,1
E82,2018Q2,137801.69000000003,35,0,15,489025.51,46,0,2,351223.81999999995,***商贸有限公司,4,1
E82,2018Q3,188092.80999999997,22,0,8,257628.02000000002,26,0,3,69535.21000000005,***商贸有限公司,4,1
E82,2018Q4,294804.77,45,0,25,623606.7999999999,63,1,2,328802.0299999999,***商贸有限公司,4,1
E82,2019Q1,113903.09,18,0,11,578287.0,55,0,2,464383.91000000003,***商贸有限公司,4,1
E82,2019Q2,126269.16999999998,32,0,14,167817.43,18,0,2,41548.26000000001,***商贸有限公司,4,1
E82,2019Q3,23108.75,29,1,9,10970.0,1,0,1,-12138.75,***商贸有限公司,4,1
E82,2019Q4,258379.57,68,2,27,261202.31,28,1,1,2822.7399999999907,***商贸有限公司,4,1
E83,2017Q1,23000.0,1,0,1,150000.0,31,0,19,127000.0,***社会福利院（***社会福利社会化服务中心）,2,0
E83,2017Q2,4650.0,2,0,2,39200.0,6,0,3,34550.0,***社会福利院（***社会福利社会化服务中心）,2,0
E83,2017Q3,1884222.13,117,0,49,353690.0,107,0,45,-1530532.13,***社会福利院（***社会福利社会化服务中心）,2,0
E83,2017Q4,4547829.549999999,281,3,64,788590.81,148,0,56,-3759238.739999999,***社会福利院（***社会福利社会化服务中心）,2,0
E83,2018Q1,1950753.9399999997,127,4,38,5420.0,1,0,1,-1945333.9399999997,***社会福利院（***社会福利社会化服务中心）,2,0
E83,2018Q2,1998728.3000000003,213,1,56,412600.0,77,1,28,-1586128.3000000003,***社会福利院（***社会福利社会化服务中心）,2,0
E83,2018Q3,4124495.8999999994,291,0,70,410200.0,99,2,40,-3714295.8999999994,***社会福利院（***社会福利社会化服务中心）,2,0
E83,2018Q4,4500604.679999998,320,11,89,1243400.0,169,0,28,-3257204.679999998,***社会福利院（***社会福利社会化服务中心）,2,0
E83,2019Q1,3918949.48,227,6,52,9480.0,1,0,1,-3909469.48,***社会福利院（***社会福利社会化服务中心）,2,0
E83,2019Q2,2717908.73,268,7,65,14640.0,2,0,1,-2703268.73,***社会福利院（***社会福利社会化服务中心）,2,0
E83,2019Q3,4752003.189999999,260,10,60,400.0,1,0,1,-4751603.189999999,***社会福利院（***社会福利社会化服务中心）,2,0
E83,2019Q4,6426754.859999998,506,11,81,50500.0,6,0,2,-6376254.859999998,***社会福利院（***社会福利社会化服务中心）,2,0
E83,2020Q1,720884.22,86,1,28,3000.0,1,0,1,-717884.22,***社会福利院（***社会福利社会化服务中心）,2,0
E84,2017Q1,27470.0,3,0,2,281098.6,10,0,3,253628.59999999998,***建材有限公司,1,0
E84,2017Q2,427554.25,5,0,4,898000.68,42,0,7,470446.43000000005,***建材有限公司,1,0
E84,2017Q3,346026.69,6,0,5,215118.43,13,0,4,-130908.26000000001,***建材有限公司,1,0
E84,2017Q4,460.0,2,0,2,234680.05,28,0,5,234220.05,***建材有限公司,1,0
E84,2018Q1,200000.0,10,0,2,637111.74,27,0,6,437111.74,***建材有限公司,1,0
E84,2018Q3,119413.6,7,0,3,641270.0,61,0,6,521856.4,***建材有限公司,1,0
E84,2018Q4,560.0,2,0,1,531008.46,51,1,9,530448.46,***建材有限公司,1,0
E84,2019Q1,155000.0,2,0,2,299535.88,34,2,9,144535.88,***建材有限公司,1,0
E84,2019Q3,14313.51,2,0,2,178226.24999999997,25,3,2,163912.73999999996,***建材有限公司,1,0
E84,2019Q4,168202.0,4,0,3,1130922.3100000003,112,0,8,962720.3100000003,***建材有限公司,1,0
E84,2020Q1,199750.0,10,0,2,176296.25,10,0,5,-23453.75,***建材有限公司,1,0
E85,2017Q2,330.0,1,0,1,85768.04999999999,16,0,1,85438.04999999999,***安防科技有限公司,2,0
E85,2017Q3,4386.0,3,0,3,88772.06,16,0,3,84386.06,***安防科技有限公司,2,0
E85,2017Q4,70348.84,10,0,3,90172.29,19,0,7,19823.449999999997,***安防科技有限公司,2,0
E85,2018Q1,5638.0,11,0,7,335397.03,42,0,5,329759.03,***安防科技有限公司,2,0
E85,2018Q2,13349.900000000001,21,1,11,224904.62999999998,33,0,6,211554.72999999998,***安防科技有限公司,2,0
E85,2018Q3,24793.690000000002,24,0,9,133056.07,21,0,6,108262.38,***安防科技有限公司,2,0
E85,2018Q4,165928.79,31,0,12,560146.03,20,0,4,394217.24,***安防科技有限公司,2,0
E85,2019Q1,107606.89,30,0,9,216089.87,17,0,6,108482.98,***安防科技有限公司,2,0
E85,2019Q2,13896.15,36,0,15,245212.88,13,0,3,231316.73,***安防科技有限公司,2,0
E85,2019Q3,16376.970000000001,34,0,12,179648.05,12,0,8,163271.08,***安防科技有限公司,2,0
E85,2019Q4,8072.939999999999,18,0,8,248185.0,7,0,4,240112.06,***安防科技有限公司,2,0
E85,2020Q1,1483.25,9,0,4,300254.85000000003,21,0,4,298771.60000000003,***安防科技有限公司,2,0
E86,2017Q3,330.0,1,0,1,138408.0,2,0,1,138078.0,***地质工程勘察院***分院,3,0
E86,2018Q1,594.0,2,0,1,130606.0,4,1,1,130012.0,***地质工程勘察院***分院,3,0
E86,2018Q2,1014023.48,19,0,5,907485.1600000001,5,2,3,-106538.31999999983,***地质工程勘察院***分院,3,0
E86,2018Q3,42219.420000000006,27,0,10,62352.0,2,1,2,20132.579999999994,***地质工程勘察院***分院,3,0
E86,2018Q4,6019.06,28,0,8,-480000.0,1,1,1,-486019.06,***地质工程勘察院***分院,3,0
E86,2019Q1,74236.75,16,0,10,561400.0,1,0,1,487163.25,***地质工程勘察院***分院,3,0
E86,2019Q2,344.0,6,1,5,1006600.0,1,0,1,1006256.0,***地质工程勘察院***分院,3,0
E86,2019Q4,530995.99,18,0,8,-765000.0,1,1,1,-1295995.99,***地质工程勘察院***分院,3,0
E87,2017Q3,294938.2,25,0,7,465743.89,7,0,4,170805.69,***实业有限责任公司,3,1
E87,2017Q4,200201.66999999998,17,0,9,294871.0,4,0,3,94669.33000000002,***实业有限责任公司,3,1
E87,2018Q1,160399.22,18,0,10,389544.0,4,0,3,229144.78,***实业有限责任公司,3,1
E87,2018Q2,573286.24,42,0,18,1303899.7500000002,12,0,2,730613.5100000002,***实业有限责任公司,3,1
E87,2018Q3,38832.7,24,0,10,285927.70999999996,9,0,4,247095.00999999995,***实业有限责任公司,3,1
E87,2018Q4,41985.42,37,0,13,131590.6,6,0,6,89605.18000000001,***实业有限责任公司,3,1
E87,2019Q1,28503.590000000004,44,0,15,296324.7,6,0,4,267821.11,***实业有限责任公司,3,1
E87,2019Q2,47412.72000000001,53,0,21,170685.2,5,0,4,123272.48000000001,***实业有限责任公司,3,1
E87,2019Q3,130658.12,48,0,22,390898.58999999997,8,0,5,260240.46999999997,***实业有限责任公司,3,1
E87,2019Q4,123128.04,50,0,15,394419.2,7,0,3,271291.16000000003,***实业有限责任公司,3,1
E87,2020Q1,66928.0,13,0,7,204146.96,3,0,1,137218.96,***实业有限责任公司,3,1
E88,2017Q2,6000.0,2,0,1,72530.0,13,0,4,66530.0,***贸易有限公司,1,0
E88,2017Q3,31873.0,10,0,2,344684.85000000003,43,0,13,312811.85000000003,***贸易有限公司,1,0
E88,2017Q4,29599.0,8,0,2,7922.480000000003,9,4,2,-21676.519999999997,***贸易有限公司,1,0
E88,2018Q1,25947.0,18,0,5,95276.0,13,0,5,69329.0,***贸易有限公司,1,0
E88,2018Q2,27027.02,25,0,5,189401.0,24,0,4,162373.98,***贸易有限公司,1,0
E88,2018Q3,46156.0,22,0,3,288636.75000000006,43,0,16,242480.75000000006,***贸易有限公司,1,0
E88,2018Q4,47754.770000000004,25,0,9,107151.2,19,0,9,59396.42999999999,***贸易有限公司,1,0
E88,2019Q1,293360.0,49,0,8,148172.27,22,0,9,-145187.73,***贸易有限公司,1,0
E88,2019Q2,70873.98999999999,23,0,7,186636.0,20,0,2,115762.01000000001,***贸易有限公司,1,0
E88,2019Q3,50103.68,13,0,5,546216.1499999999,67,0,20,496112.4699999999,***贸易有限公司,1,0
E88,2019Q4,43013.0,12,0,7,323533.55,43,0,17,280520.55,***贸易有限公司,1,0
E88,2020Q1,11751.0,7,0,5,296869.4,34,0,8,285118.4,***贸易有限公司,1,0
E89,2017Q1,2686336.0,26,0,1,244249.0,16,0,8,-2442087.0,***物资有限公司,1,0
E89,2017Q3,3244.0,1,0,1,190440.5,9,0,5,187196.5,***物资有限公司,1,0
E89,2017Q4,1012.0,3,0,2,77878.0,10,0,6,76866.0,***物资有限公司,1,0
E89,2018Q1,1965.0,1,0,1,122468.0,5,0,4,120503.0,***物资有限公司,1,0
E89,2018Q2,1117.0,2,0,2,32627.5,4,0,3,31510.5,***物资有限公司,1,0
E89,2018Q4,280.0,1,0,1,329182.0,28,0,5,328902.0,***物资有限公司,1,0
E89,2019Q3,2951.59,9,0,4,54721.0,6,0,2,51769.41,***物资有限公司,1,0
E89,2019Q4,5527.1,14,0,4,41900.0,5,0,2,36372.9,***物资有限公司,1,0
E89,2020Q1,9746.0,5,0,3,229991.0,22,0,3,220245.0,***物资有限公司,1,0
E9,2017Q1,1872988.9400000009,114,0,34,28170157.520000007,364,0,61,26297168.580000006,***生活用品服务有限公司***分公司,1,0
E9,2017Q2,1540185.1299999994,130,0,42,22098202.929999996,353,0,61,20558017.799999997,***生活用品服务有限公司***分公司,1,0
E9,2017Q3,1988842.8499999994,325,1,142,30401962.63000001,462,3,70,28413119.780000012,***生活用品服务有限公司***分公司,1,0
E9,2017Q4,2490157.32,352,2,141,27068541.059999976,434,2,71,24578383.739999976,***生活用品服务有限公司***分公司,1,0
E9,2018Q1,2621942.53,438,4,170,36500320.46000001,528,2,69,33878377.93000001,***生活用品服务有限公司***分公司,1,0
E9,2018Q2,1883456.0399999996,390,5,165,27290643.290000003,464,19,71,25407187.250000004,***生活用品服务有限公司***分公司,1,0
E9,2018Q3,1849298.7300000004,364,1,177,26179441.549999997,472,32,71,24330142.819999997,***生活用品服务有限公司***分公司,1,0
E9,2018Q4,2410675.499999999,393,1,161,32061356.43999999,500,3,72,29650680.93999999,***生活用品服务有限公司***分公司,1,0
E9,2019Q1,3020255.1,443,6,163,44963384.079999976,577,7,74,41943128.979999974,***生活用品服务有限公司***分公司,1,0
E9,2019Q2,1763034.59,426,1,173,18267281.290000007,382,28,79,16504246.700000007,***生活用品服务有限公司***分公司,1,0
E9,2019Q3,1175682.1099999996,374,2,153,24716517.029999983,474,23,79,23540834.919999983,***生活用品服务有限公司***分公司,1,0
E9,2019Q4,2204677.1800000006,342,3,135,27352884.479999978,442,1,79,25148207.29999998,***生活用品服务有限公司***分公司,1,0
E9,2020Q1,1512318.0699999998,108,0,60,24341345.110000007,308,2,71,22829027.040000007,***生活用品服务有限公司***分公司,1,0
E90,2017Q2,3400.0,1,0,1,103624.20000000001,13,1,9,100224.20000000001,***文化传媒有限责任公司,3,0
E90,2017Q3,27849.0,4,0,2,302024.4,19,0,10,274175.4,***文化传媒有限责任公司,3,0
E90,2017Q4,25898.0,6,0,3,285960.4,26,0,18,260062.40000000002,***文化传媒有限责任公司,3,0
E90,2018Q1,7945.0,2,0,2,195634.91999999998,26,2,8,187689.91999999998,***文化传媒有限责任公司,3,0
E90,2018Q2,23053.2,3,0,2,156142.2,28,0,11,133089.0,***文化传媒有限责任公司,3,0
E90,2018Q3,3529.3,4,0,3,97628.0,7,0,4,94098.7,***文化传媒有限责任公司,3,0
E90,2018Q4,2233.4,3,0,1,396658.68,9,0,4,394425.27999999997,***文化传媒有限责任公司,3,0
E90,2019Q1,5113.0,8,0,5,222980.31,13,0,9,217867.31,***文化传媒有限责任公司,3,0
E90,2019Q2,101147.01,23,0,10,70045.81999999999,6,0,5,-31101.190000000002,***文化传媒有限责任公司,3,0
E90,2019Q3,65623.7,24,0,9,207622.76,8,0,3,141999.06,***文化传媒有限责任公司,3,0
E90,2019Q4,473469.37,53,0,15,1245691.5200000003,29,3,6,772222.1500000003,***文化传媒有限责任公司,3,0
E90,2020Q1,18527.59,4,0,4,159956.12,3,0,2,141428.53,***文化传媒有限责任公司,3,0
E91,2017Q1,92622.0,10,0,5,233543.0,6,0,4,140921.0,***科技实业有限公司,1,0
E91,2017Q2,253675.0,16,0,4,204575.0,9,0,7,-49100.0,***科技实业有限公司,1,0
E91,2017Q3,137019.0,15,0,7,230775.0,8,0,5,93756.0,***科技实业有限公司,1,0
E91,2017Q4,88766.0,4,0,4,153403.0,8,0,7,64637.0,***科技实业有限公司,1,0
E91,2018Q1,78647.0,8,0,6,171330.0,9,1,7,92683.0,***科技实业有限公司,1,0
E91,2018Q2,123186.5,20,0,9,234120.0,16,0,8,110933.5,***科技实业有限公司,1,0
E91,2018Q3,116051.0,17,0,7,201920.0,12,0,9,85869.0,***科技实业有限公司,1,0
E91,2018Q4,75476.16,9,1,7,155080.0,7,0,6,79603.84,***科技实业有限公司,1,0
E91,2019Q1,103830.0,14,0,7,219960.0,11,0,11,116130.0,***科技实业有限公司,1,0
E91,2019Q2,100313.0,17,0,10,257600.0,13,0,10,157287.0,***科技实业有限公司,1,0
E91,2019Q3,157246.78,14,0,6,263024.0,10,0,8,105777.22,***科技实业有限公司,1,0
E91,2019Q4,130747.20999999999,21,0,15,302527.5,10,0,8,171780.29,***科技实业有限公司,1,0
E91,2020Q1,36366.0,3,0,3,66708.0,4,0,4,30342.0,***科技实业有限公司,1,0
E92,2017Q4,5105.8,6,0,5,37440.0,1,0,1,32334.2,***地质灾害防治有限公司,3,0
E92,2018Q2,18693.0,26,0,15,42800.0,1,0,1,24107.0,***地质灾害防治有限公司,3,0
E92,2018Q4,5335.0,13,0,9,18000.0,1,0,1,12665.0,***地质灾害防治有限公司,3,0
E92,2019Q2,19691.67,15,0,12,40000.0,1,0,1,20308.33,***地质灾害防治有限公司,3,0
E92,2019Q3,8702.14,24,0,15,834000.0,9,0,2,825297.86,***地质灾害防治有限公司,3,0
E92,2019Q4,27007.95,52,0,28,781600.0,14,2,4,754592.05,***地质灾害防治有限公司,3,0
E92,2020Q1,3133.0,5,0,5,218000.0,4,0,3,214867.0,***地质灾害防治有限公司,3,0
E93,2017Q3,4808.0,5,0,5,85730.0,15,0,6,80922.0,***电脑设计事务所,2,0
E93,2017Q4,8300.0,5,0,5,82550.0,19,4,5,74250.0,***电脑设计事务所,2,0
E93,2018Q1,6216.0599999999995,14,0,9,45445.0,7,0,4,39228.94,***电脑设计事务所,2,0
E93,2018Q2,13584.02,12,0,7,59650.0,8,0,3,46065.979999999996,***电脑设计事务所,2,0
E93,2018Q3,27257.5,20,0,13,83020.0,10,0,4,55762.5,***电脑设计事务所,2,0
E93,2018Q4,109522.54999999999,40,0,22,438153.0,26,0,9,328630.45,***电脑设计事务所,2,0
E93,2019Q1,15642.07,21,0,15,166426.0,13,0,9,150783.93,***电脑设计事务所,2,0
E93,2019Q2,28264.120000000006,24,0,12,130576.0,6,0,4,102311.87999999999,***电脑设计事务所,2,0
E93,2019Q3,46179.36,20,0,11,140220.0,4,0,4,94040.64,***电脑设计事务所,2,0
E93,2019Q4,41489.15,41,1,18,142706.0,12,1,7,101216.85,***电脑设计事务所,2,0
E93,2020Q1,1652.0,6,0,4,48300.0,2,0,1,46648.0,***电脑设计事务所,2,0
E94,2017Q1,330.0,1,0,1,103288.0,29,0,23,102958.0,***汽车美容有限公司,3,0
E94,2017Q4,15736.0,2,0,2,11490.0,3,0,3,-4246.0,***汽车美容有限公司,3,0
E95,2017Q4,578.0,2,0,1,178066.90000000002,68,0,50,177488.90000000002,***兰花店,2,0
E95,2018Q4,280.0,1,0,1,438484.56,135,0,69,438204.56,***兰花店,2,0
E95,2019Q4,280.0,1,0,1,149841.5,41,0,27,149561.5,***兰花店,2,0
E96,2018Q2,480.0,1,0,1,49000.0,1,0,1,48520.0,***土地整理有限公司,3,0
E96,2019Q2,280.0,1,0,1,163500.0,2,0,1,163220.0,***土地整理有限公司,3,0
E96,2019Q3,653.0,1,0,1,412000.0,6,0,1,411347.0,***土地整理有限公司,3,0
E97,2018Q4,6000.0,2,0,1,120599.0,35,1,15,114599.0,***美工装饰部,2,0
E97,2019Q1,300.0,1,0,1,117506.0,29,0,14,117206.0,***美工装饰部,2,0
E97,2019Q2,3280.0,2,0,2,117012.0,36,0,23,113732.0,***美工装饰部,2,0
E97,2019Q3,6000.0,2,0,1,92793.0,33,0,19,86793.0,***美工装饰部,2,0
E97,2019Q4,4000.0,1,0,1,366114.4,69,2,21,362114.4,***美工装饰部,2,0
E97,2020Q1,300.0,1,0,1,61986.5,15,0,10,61686.5,***美工装饰部,2,0
E98,2017Q3,7210.0,3,0,3,30072.0,1,0,1,22862.0,***文化传播有限公司,2,0
E98,2017Q4,2629.2,4,0,4,393549.4,10,0,5,390920.2,***文化传播有限公司,2,0
E98,2018Q1,18827.810000000005,12,1,4,23960.0,4,0,2,5132.189999999995,***文化传播有限公司,2,0
E98,2018Q2,10740.0,7,0,5,49075.0,13,2,3,38335.0,***文化传播有限公司,2,0
E98,2018Q3,1782.01,5,0,4,43045.4,9,0,3,41263.39,***文化传播有限公司,2,0
E98,2018Q4,8510.96,6,0,5,104367.0,18,1,3,95856.04000000001,***文化传播有限公司,2,0
E98,2019Q1,7400.0,1,0,1,95454.0,8,0,6,88054.0,***文化传播有限公司,2,0
E98,2019Q2,36503.0,8,0,6,187566.0,29,3,7,151063.0,***文化传播有限公司,2,0
E98,2019Q3,15400.0,2,0,1,48392.0,12,0,3,32992.0,***文化传播有限公司,2,0
E98,2019Q4,100000.0,1,0,1,283550.6,20,0,8,183550.59999999998,***文化传播有限公司,2,0
E98,2020Q1,280.0,1,0,1,33800.0,2,0,1,33520.0,***文化传播有限公司,2,0
E99,2018Q2,30701.8,56,0,5,229203.46,1,0,1,198501.66,***建筑工程有限责任公司,4,1
E99,2018Q3,297372.4,73,0,11,436197.42,1,0,1,138825.01999999996,***建筑工程有限责任公司,4,1
E99,2019Q1,167833.74,119,0,19,236844.91999999998,2,0,1,69011.18,***建筑工程有限责任公司,4,1
E99,2019Q4,48562.21999999999,98,2,19,332759.0,1,0,1,284196.78,***建筑工程有限责任公司,4,1
